Acronym,Expansions
LT,Laplace Transform
ODISHA
PLOT,puts light on the,practice lessons on the,processes laws of thermodynamics,primary lymphoid organs thymus
DEC,discuss exam centric,differential equations class,dates eligibility criteria,differential equation complete
MDS,mamlatdar deputy section,multiplication division square,mulai dari sejarah,matematika dasar sbmptn
DPCM,Differential Pulse Code Modulation
G.P,Geometric Progression
PF,preparing for,prepare for,polity for,preparation for
NEWS,navy exams with sample
NKRI
JDBC,java development beginners course,joneja discusses basic concepts,jha discussesthe basic concepts
TSPC,to solve pie chart,this special preview class,to solve pipe cistern,to solve permutation combination
EM,expected mcqs,engineering mathematics,engineering mechanics,easy manner
LED,level error detection,like error detection,larutan elektrolit dan,like expenditure deficit
TKDU,to know about divorce under
SOL,series of lessons,science one liner,series of lectures,scattering of light
BANK,british author named kazuo
CPOSI,covers parts of speech idioms,complex problems of simple interest,clear picture of sets it,covering principle of superposition interference
Tier 2,Trigonometry Questions 2017-2016
LCS,laws case studies,learners can solve,late converger stall,linear circular sitting
IGMDP,Integrated Guided Missile Development Programme
NEER,ncerts shankars ecology environment roman,nomenclature isomers electronic effects reactive
BWSSB,bangalore water supply and sewerage board
IOD,Interest on Drawing
INC,indian national congress,in ncert class,important news current,is new course
BOT,balance of trade.
NAT,net aspirants the,ncert all the,nodal agency to,news analysis the
SACHIV
JAVA,jharkhand andolan vidroh and
MPPEB,Madhya Pradesh Profesional Examination Board Exam,madhya pradesh profesional examination board
RNTCP,revised national tuberculosis control programme
IN,Instrumentation GATE,is narrated,important news,is not
PAST,psc aspirants specially those,prefix and suffixes to,plan and strategy to,percentage and smart tips
PES,psc exam syllabus,premedical exam students,polity economy science,petrochemical engineering students
AIR,All India Radio,an important role,and international relations,and its related
EnE,entrance exams,entrance exam,environmental engineering,environment ecology
P.Y.Q,Previous Years Questions
VIII,very important in indian,very important it is,various institutions in india,vegetation in india it
stem,statement
FET,Field Effect Transistor,from easy to,fauna etc this,first explained the
KYC,know your currency,kheras you can,kickstart your cat
Health,health problems presently in news. Biology
GDP,Gross Domestic Product,giving different perspective,group d previous,garg discusses provisions
commerce,consists expected MCQ's of HRM subject for CBSE UGC NET
FI,for iit,for ibps,for iitjee,for ias
RISC,role in ssc cgl,repeated in ssc cgl,reasoning in ssc cgl,roles in ssc cgl
SOP,Statement of Purpose,summary of pib,solution of previous,solutions of previous
SAARC,statements and audit report cost,scheme and all rajasthan current,seats available and reservations correction
TOC,Theory of Computation,topics of chemistry,topics of current,types of chemical
CAPF,current affairs preparation for,central armed police forces,concepts and problems for,constitution and polity for
GS,General Studies
TFO,the form of,the fundamentals of,the field of,to find out
UTUL UGM,Ujian Tulis Universitas Gajah Mada
TAG,too after going,that are generally,telugu appsc group,that are going
FPTP,from plinth to paramount,flowering plants the plant,from plato to present,for processes that produce
WSM,Working Stress Method Of Design,with some multiple,working stress method,with shortcut methods
UAS,UJIAN AKHIR SEMESTER 2,upsc and state,upsc and ssc,universe and solar
HOTS
CE,Compass Surveying : GATE
CLERKS
MONTH,mode of nutrition types of heterotrophic
UGC,under gst ca,understand great concepts,utgst gst compensation,under gate cs
MAIN,mcqs asked in neet,matter and its nature,maths asked in nda,membrane and its nature
A.C
MH,modern history,medieval history,marks hence,mishra has
CF,course for,chemistry for,concepts from,concepts for
MAURYA
VARC,verbal ability reading comprehension,vocabulary a reasonable care,verb and related concepts,vocab and reading comp
BJT,Bipolar Junction Transistor
UNIT,ugc net in this,upsc ncert is the
WAT,Written Ability Test,with all the,what are the,well as the
CIM,conducted in malayalam,conducted in marathi,course is meant,course is mainly
UNBK,understand the need behind knowing
LEVEL,life related examples very easy language
PGT,Post Graduate Teacher
JF,just few,java for,just for,january february
GMAT,gate me aspirants the,geography mcqs appsc tspsc,get more aligned towards,generally most avoided topic
D.P.S.P
ALGAS,adjacency list graph traversals and some,about logic gates and also solve
CHS,course hari singh,course harshit shukla,course has some,course himanshu sachdeva
FM,for mpsc,for mppsc,fluid mechanics,for mains
TCP,this course provides,this course preeti,this course presents,this course praveen
MOHR,mcqs on human resource,management of human resource,mptet otet htet reet,mcqs of human resource
paper 1,paper 2019
ASM,a simplified manner,all study material,a simple manner,a systematic manner
NO,number of,nature of,need of,numericals on
FB,for bank,for banking,from basic,for better
ITC,in this course,in this class,in the course,india this course
WBTET,well before the examination this,will be the enough to
MPSI,mpsc police sub inspector,most progressive sector in,marker problems specially i,member permissible stress in
M.P
CGLE,combined graduate level exams,combined graduate level exam
ALP,Assistant loco pilot,and loss problems,advance level problems,american literature part
GAAPs,gate as well as psu,geography and also state psc
NCLT,national company law tribunal
GUIs,good understanding india is,going to use is,gives u what is,gk updates which is
HRR,Heat Rejection Ratio
IB,Intelligence Bureau,is beneficial,is based,information bureau
VDO,Village Development Officer
SAIL,sakshi abrol iim lucknow,sangam age its literature,schemes and initiatives launched,ssc aibe ibps law
OP-AMP,Operational Amplifier
BENTUK
60 minutes,"60 mins,""This Course by Ashna Sisodia consists of 1 session of 1 hour"
R.A.S
RBI,Reserve Bank of India
NTSE,National Talent Search Examination,need to study extra,navigating the system etc,neurons their structure electrical
PSCs,physical science csir,physical spectroscopy csir,preparation strategy csirnet,physical sciences csir
DESIGN
SEO,Search Engine Optimization,solved examples of,special emphasis on,solved examples on
"AA,SSR","about Probability which is suitable for NDA, NAVY"
AHC,and how can,are high class,and high court,allahabad high court
GP,Geometric Progression
DSSSB,dalam merancang strategi sbmptn sbmptn bukan,days in ssb service selection board,developing strong social skills appropriate behavior
CNC,current news current,course naveen chouhan,cds nda capf,course nilanjan cat
NDP,National Domestic Production
LMS,last minute strategy,lucid manner such,learn many smart,learn major straits
SDOF,single degree of freedom,specially designed only for,structure discovery of fundamental,stages discription of full
READ,roman empire as did,relevant explaination and drawbacks,reform etc also discuss,rolling extrusion and drawing
PERT,points examples related to,processing enzymes related to,potential energy related to,proper explanation relevant to
WBCS,West Bengal Civil Service
BLACK
NoSQL
AWT,Advanced Welding Technology,along with the,along with their,a way that
SPG,Steam and Power Generation
CGl,changing global,cement glass,concerned global,classification glucose
PPP,Private Partnership,plans policies programme,public private partnership,preparation physical properties
TISS,there is strictly speaking,the indian subcontinent south,to improve solve sequence,topic into small subtopics
SAYYAD
TDS,the delhi sultanate,to discuss some,the digestive system,the detailed solutions
UM,upsc mains,upsc mcqs,upon maps,upsc mock
PIB,Press Information Bureau
CQ,choice questions,conceptual questions,cat questions,crack questions
GoI,government in,governance in,good in,government initiatives
RLY,relations last year
YOU,years of upsc,year of upsc
CRZ,capitals of railway zone,communication will reach zenith
SCC,ssc cgl chsl,ssc cgl cpo,ssc chsl cgl,science crash course
B-School,"B-School, navigate and select the lesson"
R.P.F
Set II,SSC JE 2018 Question analysis II
CMS,Combined Medical Services,course m s,course mohammad shahid,course mohit shukla
LY,Lightyear
SIL,Surge Impedance loading
UPSC,Union Public Service Commission,u p s c,up public service commission,uttar pradesh state civil
RPSC,rajasthan public service commission,rrb po ssc cgl,related problems ssc cgl,rrb po sbi clerk
EX,entire xii,electricityclass x,esr xray
JHT,jaiswal has tried,just have to,java how to,jee hence those
HP,Harmonic progression
PMO,practice mcqs on,prime minister of,practice mcqs of,prime ministers of
VEO,various exam oriented,various elements of,various exams of,village extension officer
XBRL
UGM,uppsc gs mains,under general mental,universitas gajah mada,u good marks
LLP,limited liability partnership,location layout production,loading like point,letter lock palindrome
DDNA,Daily Dose of News Analysis
vishing,"via emails(phishing) , messages(smishing), phone calls"
TENSES
SWOT,so watch out the,subject weightage of this,start working on them,some way or the
HQ,high quality,hindi quantitative,hindi quadratic,hindi quick
RG,rbi grade,railway group,rajasthan geography,rajasthan gk
MAT,malayalam and the,marathi and the,methods and tricks,more about the
SSC,Staff Selection Commission
SSc,social science,social sciences,small scale,social scientists
IPv4,Internet Protocol Version 4
R.B.I
BLDC,boars l d c,barat lessonlesson di course
MUV,Movimento Uniformemente Variado,mpsc upsssc vdo,material under various,method u v
MySQL
MARTIN
KAAFI,ketones and carboxylic acid for iit
IT,Information Technology,in this,in the,important topics
TOM,Theory of machines,topics of maths,theory of machine,topics of mathematics
SOM,Strength of Materials,states of matter,strength of material,significance of management
CRASH,cube roots and some very handy
CRACK,course rashtriya andolan congress ki
VII,very important in,vegetation in india,various important international,view it is
CPM,Critical Path Method,course preeti mandyal,course purusottam mishra,course preeti meghwani
FEMA,for engineering mathematics and,foreign exchange market and,foreign exchange mgmt act,following ethics makes any
SD,Sustainable Development,solved during,specially designed,speed distance
MME,Metallurgy and Material Science Engineering
GIS,Geographical Information System,gate ies ssc,guys im sure,gate instrumentation syllabus
RCs,railway csat,recombination csirugc,replication csirugc,revision csirugc
SDT,Syntax-Directed Translation
MOT,Molecular Orbital Theory,most of the,majority of the,making of the
ARO,and rules of,and role of,a revision of,all rules of
HPAS,himachal pradesh administrative services,hindi probability and statistics,hindi progression and series,hindi payment and settlement
JUNE,jrf in upcoming net exam
GCS,Global Corporate Security
GTO,Group Task Officer,gs topics of,general trend of,going through out
ALL,and linked list,about linked list,and linked lists,a linked list
CSC,cgl ssc chsl,crack ssc cgl,course ssc cgl,cgl ssc cpo
GDPI,group discussion personal interview,group d pcs ias,grammar derivatives punctuations in
KBC,kesavananda bharati case,known book certificate,kinetics bioenergetics cell,keshavananda bharti case
AA,all about,and also,and all,are asked
CSOR,complete syllabus of reasoning,canal system of rajasthan,cities situated on rivers,complete strategy on reasoning
TRIZ
MNS,master number system,missing number series,mathematics number system,maths number system
UN,United Nations Organisation,ugc net,upsc nda,ugc nta
SCE,ssc cgl exam,syllabus cse exam,ssc cgl examination,ssc cgl exams
REET,reaction etc each topic,railway exam etc this,rbc electrocardiograph ecg this,relevant examples exercises to
ADC,a daily course,a detailed course,about daily current,and distance cat
IO,is one,is on,introduction of,importance of
CPR,course pramod rana,course poonam rani,course preeti raut,course pooja rani
SCARA,si ci average ratio and,ssc cgl and railways and,surface chemistry and related aspects,sbi clerk and rrb assistant
Mains,Max Weber's Bureaucratic Theory of Organisation for Public Administration Optional
ID,in detail,is designed,is discussing,in different
GWPI,gupta will provide indepth,gautam will provide indepth,gurjar will provide indepth,geography who play important
UTUL
Quant,Questions based on Partnership
PSEB,provide sample essays based
DI,Data Interpretation
CJI,court judgements in,csirnet jrf in,crack job interviews,cracking jee it
TNTET,teaches newspaper to enhance the,the nation throughout europe this
GAMES,generally asked in mppsc examination she,grammar and most expected and selected
VTP,vector triple product,voice to passive,various thermodynamic processes,view to ponder
DOUBTS
MHC,Major Histocompatibility Complexes,modern history crash,modern history course,medieval history crash
WCF,watch course for,will cover full,we can find,will cover from
MADE,method and detail explanation,mcqs and detailed explanation,mendel and different experiments,mind and download every
SC,ssc cgl,special class,ssc chsl,sbi clerk
HPSSC,hindi political science ssc cgl,hindi preparation strategy ssc cgl,hindi polity science ssc cgl
TAX,to ace xat,to accountancy xi,the actual xat
TIPS,tags ibps preparation sbi,that is primary secondary,the indian political system,the important political social
TALATI
AWARDS
CA,Chartered Accountant
TMJ,the month june,the month january,the month july,tentang mensiasati jadwal
CLAT,Common Law Admission Test,can learn about the,course looks at the,can learn all the
DATA,discuss about the advance,discussed about the all,detail about the approach,discusses all the aspects
R.K
TRT,topics related to,to read the,terms related to,to revise the
FACTS,factorisation and completing the square,formulae and calculations tags simple
CWG,course will give,class will give,course will guide,course will go
AEN,and english newspapers,and every news,and environment nta,an electrical network
SIDBI,shot in duration but its,semua imbuhan dalam bahasa inggris
DIPP,discusses indian polity part1,date india post payment,discussed important points preparation,directors in particular provisions
HCS,hindi control system,human circulatory system,hindi conditional sentences,hindi calendar ssc
DPSPs,days process screening psychological
UPPSC,uttar pradesh public service commission
EXCISE
XVI
PAKET
HPSSSB,hindi panacea of ssb service selection board
HFL,helpful for learners,hindi for lower,hindi first law,hindi full length
STR,Special Theory of Relativity
EWAY,every week and you
EEE,Engineering,ese electrical engineering,elaborately explain each,engineering entrance exams
LOGICS
PPO,practice problems on,prelims point of,physical properties of,practice problems of
MODI,month of december in,mcq of data interpretation,mixture of data inequality,mcqs of data interpretation
DOS,design of steel,doubt of students,discussion on some,discuss other strategies
D%,Discount
RPF,Railway Protection Force
TPBI,to prepare both ibps,to perform best in,the post bifurcation issues,the producers behavior in
CDPO,course discusses problems on,course discusses parts of,compiler design phases of,course discusses practice on
HAIN,history and indian national,hindi all important national,hindi and its notes
IP,indian polity,ibps po,important points,important part
TIGA,to indian geography and,terminology in graph and,that is generally asked,the indian government and
Chemical,Chaturvedi will make the Understanding the Basics of Ideal Reactors: GATE
DSC,distance ssc cgl,dhiraj singh chauhan,di special class,d ssc cgl
IL,in less,in last,in learning,in lucid
JRF,Junior Research Fellowship,jhonsons rule for,jee refraction from,just right for
APSC,and proportion ssc cgl,and phrases ssc cgl,active passive ssc cgl,are preparing ssc cgl
D.I
UTET,used to evaluate the,used to explain the,use them etc the,understand the environment the
ITIM,IT Infrastructure Management
RSMSSB
ICs,in csir,in cse,in csat,in csirnet
POLAR,phenomena of light reflection and refraction,power of lens curvature and refracture,projection of lines which are required
SBO,series based on,strictly based on,some basics of,state bank of
Hindi,Hindu editorial discussion on daily basis @1pm
KCC,kannada crash course,k2cr2o7 coordination compounds,koppen climate classification,key concepts covered
LBSNAA
MCM,mohrs circle method,market capital market,many courses miscellaneous,most common mistakes
CMAT,current motion and time,courses moreover all the,concerned many a times,congress ministries and the
LDC,live doubt clearance,l d c,latest daily current,lot difficulties considering
FDA,for dsssb aspirants,for dsssb also,fundamental duties and,force diagram and
SBIPO,score better in paper one
G.D.,Group Discussion
DOME,Design Of Machine Elements
PDF,pengetahuan dasar fisika,please dont forget,primarily designed for,persamaan dan fungsi
IBPO,interchange between part of,is basically part of,is biggest part of,is biotech principles of
COURTS,concentration of urine tubular reabsorption tubular secretion
CET,course explains the,competitive examinations the,competitive exams the,competitive exams this
SRS,sabha rajya sabha,summary rajya sabha,science reporter summary,solve reasoning set
CES,can easily solve,cover entire syllabus,competitive exams such,civil engineering students
IX,in xat,industrial xe,iift xat,in xiamen
U.P
UPPER
ASPEK
ICET,in cds exam the,in competitive exams this,in competitive exams the,in cat exam there
AGES,any government examinations so,any government exams so,about gate exam starting,all govt exam students
OLD,or lesser degree,ozone layer depletion,of language development,of learning development
THE,to highway engineering,to higher education,topic heat exchangers,temperature however experience
JAM,Just A Minute,juga akan membahas,journalism and mass,job aspirants module
MRNA,milestone review national and,must read national and,merely reading newspapers and,most repetitive notable and
MODALS
SCR,ssc cgl railway,ssc cgl reasoning,students can revise,special class ravendra
LRDI,like reasoning data interpretation,logical reasoning data interpretation,logical reasoning dilr in
IPA,indian polity and,ibps po and,is presenting a,important points and
FAQ,frequently asked questions,for a quick,facts and questions,for all questions
IDAI,is discussing all important,in detail about important,in detail about indian,in detail all important
A.C.,Alternating Current
WORD,ways of representing data,whole of rajasthan denied
IRNSS
OCF,Open Channel Flow,organic chemistry for,of chemistry for,on chemistry for
OBC,of basic concepts,on basic concepts,on biological classification,of business communication
PAGE,private and global enterprise,private and global enterprises,public and global enterprises,polity and governance ethics
CSIR,contain some important rules,covers some important related,calculations speed in reasoning,clonal selection immune response
XVII
LaTeX
IPR,important points related,ibps po rrb,intellectual property rights,important points regarding
PH,public health,p hd,problems have,paper held
OSSC,of solid state chemistry,oneword substitution ssc cgl,oneword substitutions ssc cgl,on solid state chemistry
UAN,understand and note,unacademy aims not,uniform and nonuniform,using a new
DATE,Daily Topic Evaluation
TOI,topics of indian,times of india,theories of intelligence,temples of india
RE,Regular Expression
IFS,important for ssc,interest for ssc,is for students,is for ssc
EPW,Economic and Political Weekly,educator purlove will,ese psu which,easiest possible way
JEE,jipmer entrance exam,je electrical engineering,junior engineer exam,junior engineer electrical
UPPSCs
BC,be conducted,be covered,basic concepts,be covering
REAL,rituraj explains about laplace,rpsc exam and later,rule early and late,resources evaluation and learning
C.F.T,Crystal Field Theory
ETL,easy to learn,enable the learners,etc this lesson,easily this lecture
UPPCL
JCPOA,Joint Comprehensive Plan of Action
SSR,square square root,steady state response,simple steps related,solve square root
I.C
MDI,missing data interpretation,multi dimensional intelligence,marathi daily important,mixed data interpretation
STENO,syn anti threo erythro nomenclature on
MHS,modern history ssc,modern history section,modern history spectrum,maker his strategy
ACF,Assistant Conservator Of Forests,all concepts from,and culture for,and cistern for
NEET,net entrance exams the,nuclear energy etc then,normalization ese e t,net exam even they
JOSAA,january 2017 online summary and analysis,july 2017 online summary and analysis,jarawa onges shompen and great andamanese
McQ,mcg question
RDB,rotational dynamics by,red data book,railway dsssb banking,recent developments between
PTU,programmers to use,primarily targets upsc,president tags upsc,pahwa takes up
RIA,Radioimmunoassay
meiosis,"M-phase, that is division of somatic cell (mitosis) and germ cell"
SUKSES
MST,maths students this,manner so that,make sure that,maths short tricks
IELTS,International English Language Testing System,in each lesson tags surface
RMO,remember motions of,reaction mechanisms of,religious movements of,run most of
CMB,course may be,cpo mts bank,cover mcqs based,course made by
STP,strategy to prepare,solve the problems,solve the problem,solve the previous
H.A.S
H.C.F
in Hindi,in which they learn about structure of program and its components
IPO,important part of,important points of,is part of,integral part of
Set I,SSC JE 2018 Question Analysis 2
BST,behind solving the,be sharing the,based skills the,best strategy to
HT,Heat Transfer
HSSC,Harayana service selection,hindi solid state class,hindi solid state chemistry,hindi simplification ssc cgl
R.S
G.C
NC,net commerce,new course,nda cds,net computer
JSCC,jpsc ssc cgl cpo,joint stock company class,joint stock company cbse,judiciary system complete course
EFF,events from february,exams follow for,ethical framework for,electrostatic fields for
UTBK,us the basic knowledge,up their basic knowledge
SDGs,Sustainable Development Goals
MOST,month of september the,method of solving the,mechanical operation subject that,methods of solving the
SOLVE
DOF,degree of freedom,dynamics of fluid,digestion of food,discussion on fundamental
IBPS,Institute of Banking Personnel Selection,in bank po ssc,idbi bank po sbi,is being provided so
CAIIB,cloze test and it is basically,cet examination also it is based,can help an individual in business,certain acts were implemented in british
KOLOID
MENDEL
SIAP,substitution idioms and phrases,synonyms idioms and phrases,selected idioms and phrases,so i am pretty
MASTER
QA,Quants
OF,optional for,only for,on financial,on fundamental
RFO,relief features of,range forest officer,revise for older,rise fall of
BELT,basic equations linked to,better english learn to,background events leading to
CMI,Cell Mediated Immunity
PCM,Pulse Code Modulation,po clerk mains,police constables mains,pre cum mains
CPU,common percentage units,chemical properties uses,course provides us,complex problem using
CR,Critical Reasoning
CAD,Computer Aided Design,coding and decoding,continuity and differentiability,current affairs december
RRC,rohingya refugee crisis,rl rc circuits,reaction rate constants,rc rlc circuits
RTP,related to percentage,related to plus,related to polity,related to profit
SIDDU
VARS,vapour absorption refrigeration system,voice all rules ssc,varieties and related shortcuts,va and rc section
HDLC,hindi digital logic circuits,hindi data link control
amendment,amendments under Companies
MIS,marks in ssc,most important static,most important section,most important subject
G.I
LPP,Linear Programming Problems
MPP,Monetary Policy Process,malayalam psc previous,modern physics part,mpsc prelim paper1
SI,Simple Interest
GD,Group Discussion
SOCIAL,syllabus of chemistry portion in a lucid
CSS,Cascading Style Sheets,course shivangi srivastava,course sakshi saluja,course sandeep singh
LODHI,lessons on different health related issues
AUDIT,also understand the developments in the,again let us delve into this
CDP,Child Development and Pedagogy,child development pedagogy,course discusses previous,course dr praveen
MA,mixture and,mcqs are,mcqs and,meaning and
TETS,to enhance the skill,the exam the session,to enhance the skills,the examination the selection
HAM,heat and mass,hd and m,history ancient medieval,hindi and material
FMGE,for many graduates expectations,foreign medical graduates examination,for mp govt exams,for mpsc grb exam
G.S
STD,speed time distance,save time during,science technology defense,study the different
OM,of motion,of modern,of mathematics,of materials
AIIMs
UKSSC
NOUN,notification of uptet new
AP,Arithmetic Progression
history,"History,The course covers MCQs"
WISE,will introduce some easy,will include several examples,were in social economic,what is soil erosion
EE,entrance exams,electrical engineering,elaborately explain,entrance exam
HOW,hindi one word,history of world,help of which,hardness of water
TATA,tips and tricks and,the approach to answering,to all the aspirants,through all this and
PY,previous year,previous years,provide you,past year
VIRAM
ONE,of net exam,of national economy,on ncerts economics,of numerical examples
ABCD,also be covered during,all basic concepts derivation,also be considered during,about biology chapter digestion
MSS,Market Stabilisation Scheme
MBA,mcqs but also,may be asked,may be a,might be asked
GLC,gc leongs certificate,geometry learner can,gravitation like critical,gate level concepts
PART,point and relate two,provide a revision tutorial,polynomial and related terms,percentage and related topics
QR,questions related,quick revision,queries related,question related
SHELL
FTP,for the preparation,from the point,for the prelims,from the perspective
ACM,a comprehensive manner,and comprehensive manner,and clerk mains,and crisp manner
JSM,judiciary system mpsc,judicial special mock,jepang saat menguasai,je stenographer mts
SA,such as,science and,ssc and,simple and
NFA,Non Deterministic Finite Automata
HMT,Heat and Mass Transfer,hindi mock test,hindi master the,history mock test
NYSE,New York Stock Exchange
OMETS,of mughal empire the session
PHA,p hd and,preparation has always,pre historic age,political history and
SET,ssc exams the,services examination the,ssc exam the,synonyms etc this
SSSC,solar system ssc cgl,ssc syllabus ssc cgl,social science school curriculum,syllabus synonyms ssc cgl
PGR,public grievance redressal,plant growth regulators,practice graphical representation,probably get really
IEO,important events of,important editorials of,indian economy on,is extension of
SCM,ssc cgl mains,sbi clerk mains,special class mohit,special class mudit
UNIQUE
RRF,ro ra for,resources required for,redox reaction for,redox reactions for
MHRD,marathi human resource development,management human resource development
LAST,linear algebra she takes,like all state tet,law and stardelta transformation,level after studying this
LINER
TNPSC,the nobel prize ssc cgl,tamil nadu public service commission
CLOCK
RNA,rrb ntpc and,real numbers and,rrb ntpc aspirants,railway ntpc and
or state,of a verb describes the relationship between the action
BASICS
BPSC,Bihar public service commission,bank po ssc cgl,bank po sbi clerk,be practice sessions covering
GS I,General Studies
MOCK,mcq of computer knowledge,mcq of chemical kinetics,mcqs on computer knowledge,mcqs on chemical kinetics
DA,discuss about,detail about,discuss all,detailed analysis
LEAD,linear equations are discussed,law etc are discussed,learning environment also digging,líquidos especificamente a dilatação
NSAIDs
AILET,ancient india lll explain the,and in language easy to,asked in lic examination this
SEBI,Securities and Exchange Board of India,some extreme basics in,sounds easy but its,sabha elections budget is
BCE,bank clerk examination,bank clerk exam,based competitive exams,be covering each
MAX,matter and xrays,mns airforce x,mat and xat,matter and xray
MO,mcqs on,mcqs of,methods of,meaning of
FOOD,framed out of different,focus on our dream,for obtaining optimum design
DRIVE
SFG,strategy for gate,system for gate,subject for gate,systems for gate
WWW,way which will,which we will,where we will,work which will
meetings,"Meetings for SSC-CGL,In this course different forums"
FPI,from pib in,for paper ii,for paper i,flowering plants in
FSK,form so keep,fda sda kas,from science kerala,for september kpsc
DRM,Digital Rights Management
Op amp,Operational Amplifier
IPMAT,is paper management all these,indian prime ministers and their,its physiological mechanism and theories
MCQS,multiple choice question series,multiple choice questions social,multiple choice question strategy,multiple choice questions short
ASRB,a single row but,and standard reference books,a substitution reaction b,alphanumeric series reasoning bank
AIRMEN
SMK,session megha khandelwal,students must know,some must know,systematic manner key
INM,indian national movement,indian national movements,is no more,indian nationalism miscellaneous
PARA,practice and revision are,percentage and ratio and,problems are revisited and,pratiharas and rashtrakutas along
GEARS,gate examination and requires special
USSR,understanding skill set required
ROOT,relations one of the,running out of time,report outline of the,remains one of the
VIRUS
REDO,role expeditious disposal of
OOP,object oriented programming,of one party,objected oriented programming,overview of physical
ESI,excise Sub Inspector,explain some important,english section in,education system in
A.G.P,Arithmetic Geometric Progression
MAPs,moist air psychometric,mains and psir,members and ps,mental and psychological
CDM,course durgesh makwan,civil disobedience movement,course discusses most,course discusses mcqs
PDE,Partial Differential Equation,partial differential equations,ph d entrance,pattern detailed explanations
Electrical,electrical quantities and associated units. The course will be beneficial for GATE
AOI,and other important,analysis of important,aspirants of iit,agency operated in
SPEECH
G.K,General Knowledge
MIT,most important topics,most important topic,marks in the,maps in the
PERL,political economic and religious life
POV,point of view,power of visual,prelims of various,papers of various
GMA,General Mental Ability
TKA,to know about,to know all,the knowledge about,to keep a
QUICK
YEAR,you even view and review,y english g a reasoning,you everything about the recruitment,your english section and reading
BEST,based elimination strategy to,been explained so that,banking examinations she takes,bank exams so through
SPJAIN
NVBDCP,National Vector Borne Disease Control Programme
MHD,mishra has discussed,medieval history delhi,meena has discussed,many had doubts
ACE,all competitive exams,any competitive exam,any competitive exams,all competitive exam
BRICS,basics right in conic section,be repeated in chemistry subject
PSIR,Political Science and International Relations,political science international relations,proportions some important relationships,problem solving in real
MATERI
NPOs,nobel prize oscar
JEN,junior engineer ntpc,junior engineer notification,jee examination need
INA,important news articles,important national and,in news and,in neet and
EBIT,electronics by introduction to,explained briefly in this,etc because in this
DPP,daily practice problems,disasters pests pollution,discusses practice problems,daily pib press
D.EL.ED
LTMPT,life types of marriages pottery the,like types of majority parliamentary terms
S.I,Simple Interest
BBA,base building accompanied,both basic and,basics but also,board books and
SANDHI
BRAKES
MoEF,most expected for,more easier for,most essential factors,mole empirical formula
RPSE,rajasthan police service exam,resonance practice session ese,reports policy scheme etc
DBMS,Database management system,data base management system,data base management systems,discussing basic mathematic short
EMF,expected mcqs for,expected mcqs from,engineering mathematics for,expected mcq for
JSSC,jan september sports current,jumbled sentences so called
MUX,Multiplexer
DCA,Daily Current Affairs
LOG,level of gate,law of gravitation,law of gearing,life of guru
WREN,who find reading english newspaper
IR,Infra-Red,international relations,ibps rrb,in rajasthan
JKPSC
UPP,u p police,upsc prelims paper,under plant physiology,upsc prelims previous
PSL,Priority sector lending
CGPSC,complete geometry pre+mains ssc cgl,constable gd preparation ssc cgl
SIG,sharma is going,singh is going,shubham is going,supply in gst
FEA,Finite Element Analysis
DRR,do rate review,divisibility rules remainder,d railway rpf,do rate reviews
BFS,beneficial for ssc,biology for ssc,beneficial for students,beneficial for ssccgl
CHAIN,conducted in hindi and its notes
PRELIM
EA,english and,exam and,exams and,exam aspirants
IITs,in india appsc tspsc
MPPSC,Madhya Pradesh Public Service Commission,ministers parliamentary procedures supreme courts
BOON,basic operations on numbers,basics of organic name,bases orientation of nucleotide
CAB,Current Affairs Booster
KVL,Kirchhoff's Voltage Law,kirchhoffs voltage law,kirchoffs voltage law,kisi v level
cot,cotangent
I/O,Input-Output
ECM,Extra cellular Matrix
CP,cost price,cse prelims,course provides,c programming
CITES,course is to expose students,come in the exams so,chapters in the entire syllabus,coming in the english section
ILGL,individual level group level
SQL,Structure Query Language,structured query language,stack queue linked,solved questions learn
CHSl,course also has slides
GVA,gram vikas adhikari,grammar vocabulary and,grammar videos are,gre verbal ability
G.D
REVIEW
NET,National Eligibility Test
OUR,of unit reproduction,of uppsc ro,of union regional,on upcoming railway
SCERT,students can easily remember the,students can easily relate the
LAND,lesson and note down,leading articlesshort notes daily
VISION
IMF,International Monetary Fund,important mcqs for,in mcq format,is meant for
CGI,coordinate geometry in,crack gate in,course give it,concepts given in
MRR,Met Removal Rate
JSP,je state psc,java server pages,judicial services prelims,je state pscthe
SIMPLE
FBM,for bpsc mains,force bending moment,for biology mcqs,from being moderate
PU,prelims uspc,polity upsc,problems using,proper usage
LINEAR
IIIT,it is important to,in india in this,it is in the,in india in the
UNION,ugc net introduction of anglo norman
WRITS,what results in the shifts
CWSN,children with special needs,choudhary will summarise ncert,concepts with short notes,compounds with solved numericals
GUIDE,gates used in digital electronics
V.D.O
CUBE,commissions under british era,chapters under business economics
DC,Direct Current
Grammar,"Grammar,The course Comprises Hindi Vyakaran"
CGLS,crack gate life sciences,cycle gate life science,current gk last six,components gate life sciences
AE,Aerospace Engineering,and every,and english,are explained
SOAL,slope of a line,section of afcat like,saves on a lot,study of assembly language
EIC,East India Company,every important concept,examination is concerned,exams it covers
TKPA,to kerala psc aspirants,the kerala psc aspirants,the kerala psc and,tes kemampuan potensi akademik
UPI,Unified Payment Interface,upsc polity ias,upsc preparation ias,upsc prelims in
PLANT,provided covering lucent and ncert this
SBI,State bank of India,score better in,selection board interview,sbmptn bahasa indonesia
K-Map,Karnaugh Map
QPA,question paper analysis,question papers and,question paper and,question papers answer
A.I
ZPF,zero power factor
ASEAN,Association of the South-East Asian Nations,axis formation spemann experiments and nieukoop,a civil service exam aspirants need,aromatic substitution reactions electrophilic and nucleophilic
MSME,marketing syllabus mba exam,market securities market equity,motors synchronous machines etc,majority special majority effective
NABARD
EYD,Ejaan yang Disempurnakan
MSQs
BITS,better in this section,bjt in this special,brief introduction to semiconductors,brainstorming in this session
PLAN,preferred language and notes,preparation like as news,polysachharides lipids and nucleic,performance lmtd and ntu
AND,a nice day,abhijeeth nagaraj discusses,a new dimension,aiims new delhi
PTAS,problems tricks and shortcuts,particular topic and secondly,partnership to aspirants so,plus there are some
SLAM,serializability locking and many,surveying lines are measured,stuck learning and memorising,system land administration methods
ADM,Adaptive Delta Modulation
DFA,Deterministic Finite Automata,designed for all,discuss frequently asked,discussed for a
AKAR,about knowing and realising,and kurukshetra are rich,ashish kushwah also review
PRO,physiography regions of,physiographic regions of,pre requisite of,per requirement of
NCFM,net commerce financial management
GUPTA
AAO,Assistant Audit Officer,and all other,and analysis of,an analysis of
RPf
C.B.S.E
WBPCS,will be provided chapter wise separately
FIJ,for iit jee,for iit jam,functions iit jee,for iitjee jee
PAPER
DEIEd
SCST,strategy cds study tips,simplification completely so that,special class strategy to,students can save time
TCS,The Concept Series,this course sakshi,this course shubham,this course sandeep
RBSE,r b s e,relation between science engineering,railway bank state exams,rigid body system etc
CSAT,cse science and technology,cell structure and their,comment section all the,course simplifies all the
PLDs
FEM,Finite Element Methods,for ese mechanical,foreign exchange market,for ethics mains
USE,upsc ssc etc,upcoming ssc exams,upcoming ssc examinations,understanding simultaneous elections
IV,is very,in various,in very,indus valley
GRP,groupd r p,grammar rules part,general rules pronoun,gd raj police
HR,hindi rajasthan,hindi reasoning,hindi ratio,human resource
UM UGM,Ujian Masuk Universitas Gajah Mada
NCM,non cooperation movement,net commerce management,nonuniform circular motion,non conventional machining
sin,sine
MOODS,model organism of genetics drosophila small,methods of preparation of diazonium salts
GPCS,gerund participle conditional sentences,gd pis case studies,glans penis corpus spongiosum
CH3,CH3CH
UNESCO,united nations educational scientific and cultural organization
MPC,Monetary Policy Committee,madhya pradesh current,my previous course,marathi polity class
Hinduism,"Hinduism: Religion and Philosophy,""In this course, Arti Chhawari will discuss Religion and Philosophy"
KUSHAN
LIST,lecture is such that,level including shortcut technique,learner is suggested to,latest india science technology
BOB,based on boats,based on basic,be on building,based on blood
ARM,and rotational motion,and research methods,and related mcqs,assistant ragistrar mppsc
SNi,sabdh nirman,session niranjan,silicon nitrogen,symbiotic nitrogen
CDSE,course discusses such experimental,course discusses systematic exploitation,course discusses solved examples,combined defence service exam
DOMAIN
ICC,in coordination compounds,is crash course,is complete course,in complex compounds
PCA,Prompt Corrective Action
WiFi,will find,will first,with fixed,will finish
economics,"Economics Topic,This course is all about General awareness"
PCS,Punjab Civil Service
BSSC,by staff selection commission,bending stress strength concept,brain stem spinal cord,by sumer singh covers
LIME,learning in most easy,list in mechanical engineering,longitude indian map easy,line ic mrs ect
MCD,Merchant Force Circle Diagram
SPSC,state public service commission,sbi po sbi clerk,state psc ssc cgl,state pscs ssc cgl
MOSFET,metal oxide semiconductor field effect transistor
EME,ese mechanical engineering,easy manner ever,examination mains examination,engineering medical entrance
GRADE
IIR,in international relations,important information related,in ibps rrb,it is related
HELP,hindi economics latest pattern
IDIOMS
PSLV,prahlad saran covers later vedic,petersons solution and lock variable,properties of soil like void
DAN,discuss about national,days and nights,discuss about new,discuss about number
WPE,Work Power & Energy
ONLY
CFT,Crystal Field Theory
OIR,of international relations,of ibps rrb,on international relations,of indian rivers
VB,very basic,very beneficial,vocabulary building,very basics
SEM,strain energy method,ssc exams most,study engineering mathematics,sometimes excelling mesopotamia
GATT,General Agreement on Tariffs and Trade,geographic acumen through the,graph all the topics,get addicted to the
NBA,National Biodiversity Authority
ADA,and Design Of Algorithm
HPPSC,Himachal Pradesh PSC,hindi part1 percentage ssc cgl
OOPs,objectives of power system,overview of power system,overview of political system,overview of protein structures
CIVIL,chapter is very important let’s,curl iii vector integration line
MAPS,moist air psychometric,mains and psir,members and ps,mental and psychological
EMI,Electromagnetic Induction,entire modern indian,elaborate manner it,exams most important
STATIC,solution to revise all the important current,some tips and tricks for ibps clerk,settled down to a trade in cotton,solution to cover all the important current
BAHASA,bull story achilles heel at sixes and,by a banker himself and sharing all
BASIC,bases and salts in class,box and some important concepts
ICSE,in cat special emphasis,in civil service exam,in civil services exam,in civil service examination
OMOs,Open Market Operations
AIEEE,about india and elaborately explain each,atom ionization enthalpy electron affinity electronegativity,asked in each and every examinations,asked in joint entrance examinations each
CH,course has,course helps,course he,can help
OFFICE,of fuels for i c engine
RNAs,rrb ntpc aspirants,real numbers as,rebels new association,relevant numericals assisted
ESE,Engineering Services Examination,engineering services exam,environmental studies evs,ever since ethics
U.T
SCORE,ssc cgl and other related exams
CAMs,cgl questions and mst,commission agricultural sectors msp,course is about msp430
EAFM,expected and filtered mcqs,easy and friendly manner,easiest and fastest methods,examinations applicable for may
CMOS,complex mathematical operations such,chief minister of state,can master on simple,circuits mcqs on step
LWE,Left Wing Extremism
PIQ,Personal Information Questionnaire
ECA,Economic Current Affairs
XII,xi it is
NMRS,Nuclear Magnetic Resonance Spectroscopy
GST,Goods and Services Tax
OAS,of all subjects,of a system,of atomic structure,of a series
gráficos,"Gráficos para o ENEM,Introdução às principais funções e a suas representações visuais"
WORLD
G.N.P.,Gross National Product
MONEY
NDA,National Defence Academy
CRO,climatic regions of,complete revision of,chemical reactions of,cube root of
PGI,physical geography in,physical geography it,planning growth in,pressure groups in
HPSC,hindi percentage ssc cgl,hindi political science class,hindi partnership ssc cgl,hindi pronoun ssc cgl
JAIIB,jee aspirants it is also beneficial
RERA,railway exam rrb alp,rajasthans economic review and,rpsc exam rajasthan art,rajasthan economic rajasthan art
UNO,useful not only,united nations organisation,ugc net or,understand nuances of
SKILLS
OTHERS
SSCJE
ITI,important topics in,important topic in,in the indian,in this i
CRPC,clerk rrb po clerk,crack rrb po clerk,course rajasthan police constable,complete rrb paramedical categories
AAI,are asked in,always asked in,about all important,and all important
TRUSS,the rights under sc st
APO,a part of,and properties of,and powers of,and purpose of
KVPY,kishore vaigyanik protsahan yojana
VITEEE
OCS,of control system,of computer science,of civil services,of control systems
PSU,pembahasan soal un,public sector undertakings,preparation study upsc,political science unit
IUCN,i ugc cbse net,india upsc cds nda
PSI,problem solving in,practice set in,preparation strategy in,polity section it
EPRG,english preparation rbi grade
PLD,profit loss discount,pedagogy language development,persamaan linear dua,polity live during
XLRI
ENT,easy notes to,express newspaper this,exactly needs to,exactly need to
HINDI,helpful in narrowing down important
GLB,grammar line by,given link be,grammar lessons by,get little basic
NICL,newspaper in a comprehensive lucid,notification is currently announced ld
BPF,ByPass Factor
SPEED,society world poltics economy etc deeply
A.M
CSE,Civil Services Examination
RBC,relationship between consumer,recommended books content,rank booster crash,relations between centre
PSBs
BINARY
HYS,High Yielding Stuffs
OLTP,of landforms their processes,one liners topicwise polity,on limits through previous,of lessons to provide
TOPIC,types of problems in calendar,types of problems in classical,the organelles present in cell
HIV,hindi indus valley,history indus valley,hindi important vocabulary,help in various
POWER,perfect way of writing effective resumes
CL,can learn,concepts like,course learners,c language
VLE,very lucid explanation,variable linear equations,visa lemoa etc,verbal learn english
IUPAC,in upsc prelims and state civil
BS,be solved,by step,business studies,basic structure
PYQS,previous year questions ssc,previous year questions so,previous year questions sbi,previous years questions ssc
MCQs,multiple-choice questions,multiple choice question series,multiple choice questions social,multiple choice question strategy
YEARS
NDMA,noninfectious diseases mentioned as
GSM,general science mcqs,general science mcq,general studies mains,general studies mcqs
PSCJ,profile ssc cgl job,public service commission jpsc
GCD,gold channel debate,ghanshyam choudhary discusses,genetic code dna,geography course deals
VIP,very important part,very important points,view in proper,very important phrasal
PEB,physical environment books,pcs exams but,properties exhibited by,poverty estimates by
EASY,ease and simplify your,elements always scare you,exams and score your,economy and statistics you
KTG,know to get,kings turned godlike,knowledge the goal,know to gain
JJ,jenis jenis,jrf june,jee jee,jkpsc jkssb
ENEM,Exame Nacional do Ensino Médio,each n every minute
S.P
HDI,Human Development Index
CASE,concepts and solved examples,cgl and similar examinations,completion and sentence equivalence,course awdhesh singh explains
ICRB,it covers relation between
DFCCIL
AU,Astronomical unit
CBT,Computer Based Tests,course brings to,can be tedious,conducted by the
L.C.M
CDS,"course, the educator discusses the UPSC",ctet dsssb,cpo dsssb,cgl dsssb
LOSS,level oneword substitutions ssc,law of supply shifts,lectures on signal system,law of supply supply
HDL,hindi digital logic,hindi daily lecture,hindi data link,having different lessons
InAS,in a simple,in a sentence,in a straight,indices and surds
TIME,topic in many exams,terms in mechanical engineering,that is middle english,topics in mechanical engineering
SMO,study material of,smart method or,solve mcqs of,sheet metal operations
ICAI,Institute of Chartered Accountants of India,important current affairs in,indian constitution and its,ibps current affairs ibps
FSSAI,Food Safety and Standards Authority of India
NPA,Non Performing Assets,national parks and,numerical problems and,new pattern and
BOP,balance of payment,based on previous,based on profit,based on percentage
PYQs,Previous Year Questions
APDSC,and public distribution system upsc cse,are physiographic divisions drainage system climate,and potentials due to static charges,and public distribution system the course
CHSL,course also has slides
OT,of the,on the,of this,of their
A.P.,Arithmetic Progression
PTET,principles the executive the,papers to explain the,pressure the entire topic,practical tips essential to
ASI,and some important,about some important,and simple interest,and social issues
ICT,Information & Communication Technology,it covers the,indian constitution this,indian constitution the
JMX,jee mains+advanced xi
CGPA,course gram panchayat adhikari,covers gate pyqs and,change graph pcg and,complex gmat problems a
PKN,pengenalan kimia nuklir,politeknik keuangan negara,prakash kumar nirala,prajavani kannada news
EU,European Union
Facts,Flexible AC Transmission System
ARRAYS
WKB,well known book,with key basic,wherein kartik bhardwaj,without knowing basics
IES,ias exam syllabus,in english section,indian engineering services,in exam so
PRIs,prelims result is,population related issues,pyramid related issues,pramod rana is
RTI,Right To Information,related to it,related to indian,related to international
BMSB,base management system bank,biology mcqs series based,brief manner so be,base management system beneficial
IPU,indian polity upsc,important points unlocked,indian polity union,ias preparation upsc
TIU,Tes Intelegensi Umum
ISCA,in ssc cgl and,in sequence covering all,important sports current affairs,indian society challenges and
NNP,National Production
ABC,also be covered,about basic concepts,and basic concepts,all basic concepts
MVC,mahesh verma covers,more visual consideration,monthly various current,mind various competitive
APPSC,a pressing problem stay connected,and phrases practice session cds,and practice problems ssc cgl
MTS,Multi Tasking Staff,methods to solve,mock test series,method to solve
india,"India,""banking system , history of bank"
ANOVA,and numerical on voltage regulation and,as chemical name of vitamins and,are more number of variables and
LOGIKA
SIMAK UI,Seleksi Masuk Universitas Indonesia
XXI
ACT,also covers the,after completing this,a course that,a course to
RRBs,rmsa rie siert bser
HPTET,help people to enhance their,help people to explore there
NIOS,national international or state,non inverting opamp summing,notification is out” sounds,necessary information of ssc
STAN,smart tips and nonverbal,see the asymptotic notation,speech that are necessary,sound theory and numericals
CODING
YTM,you to make,you the most,you to master,you through mock
JIGS,jain is going to start,jain maurya indo greek saatvahana,jobs in the government sector
AC,Alternating Current
LGS,lets get started,latest government schemes,launched government schemes,liner general science
IITJEE
FBD,free body diagram
PTN,per the new,pib the news,points to note,per the needs
XI,xat iift,x in,xat in,x inequations
WITH,words in the hindu,which in turn helps,will in turn help,wars in the history
TECH,the entire course has,these equivalent circuits he,this entire course has,the empire changes hands
AIR 6,"AIR 6,""In this Course, Love Gupta"
JADWAL
IFRS,International Financial Reporting Standards,important for railway ssc,important for rrb scale,interest for railway ssc
NSSO,National Sample Survey Organisation
FFT,foundation for the,feel free to,framed from the,for finding the
VRO,voltage regulation of,voice rules of,vast range of,various reactions of
BIPAN,be conducted in punjabi and notes
RECENT
MRP,Mathematics Revision Programme
TOEFL
NEWTON
"PO, Clerk","PO, Clerk), RRB("
NBFCs,nonconstitutional bodies for upsc cse,news bulletin for upsc cse,national bodies for upsc cse,ndtv beneficial for upsc cse
HTML,Hypertext Markup Language,have tried my level,hyper text markup language,how they made life
HOTs
RI,role in,reproduction in,really important,rule in
Chemistry,Chemistry: GATE
TRAIN,the indian response and indian nationalism,that are randomly asked in neet,to identify rational and irrational numbers,the recommendations and implementations of narasimham
MP,Madhya Pradesh
SQUARE
CBI,Central Bureau of Investigation,constitutional bodies in,cell biology in,cant be ignored
DICE,development in c elegance,discusses internal combustion engines,discuss i c engine,dbms it contains everything
DOM,Document Object Model
NIEO,new international economic order,nino its effect on,named indian economy on,news important events of
LIFT,like important formulas tricks,like inspection form trigonometry,life its fun to,latest information from the
RATIO,revolution and the idea of,reactions and the information on,reasons and the impact of,replacement algorithms this is one
AUGUST
MAH,media and hence,mcqs are high,mental ability helpful,meanings and how
RAPD,rule and phase diagram,ratio and proportion described,ratio and proportion different,realizar a prova do
QP,Quantity Production,question paper,question papers,questions paper
NIO,newspaper is one,national income of,national international or,nonconstitutional institutions of
Set-1,solutions of ME Gate-2018
IVC,Indus Valley Civilisation
JIPMER,Jawaharlal Institute of Postgraduate Medical Education & Research,jawaharlal institute of postgraduate medical education research
VAT,verb agreement this,view all the,various approaches to,verbs and their
LCR,learner can relate,like cyclone rainfall,loan capital ratio,learn cycloaddition reactions
PLC,programming language c,profit loss chapter,product life cycle,profit loss compound
UI,used in,upsc ias,useful in,upsc important
HINDU
CV,course vishal,covers various,course vivek,course vikas
CFD,culture folk dances,created for daily,computational fluid dynamics,covers full details
SOURCE
NAM,Non Alignment Movement
PYTHON
QUIZ
MOM,Mechanics of Materials
ATC,aspirants the class,all the concepts,aspirants this course,aspirants the course
ICTS,in class the session,it covers the shortcut,it covers total sections,indian constitution this session
METHOD
MATTER
BASED
LIC,learn important concepts,linked in current,like ibps clerk,learn important concept
ADHD,Attention Deficit Hyperactivity Disorder
BT,bioinformatics for GATE
JK,jammu kashmir,jo ki,jitendra kumar,jyoti kumari
SMP,solve maths problems,soil mechanics part,solve mensuration problems,sessions motions procedure
GPS,Global Positioning System,gate problem series,general preparation strategy,geography polity science
BOTANY
IOC,Interest on Capital
NIELIT,National Institute of Electronics and Information Technology
OSI,of simple interest,on simple interest,of speech in,of some important
GEF,gate examination for,gate exam from,general english for,gate exam followed
EDC,Electronic Devices & Circuits
INDIAN
IPCC,indian polity crash course,indian polity complete course,ibps po clerk chsl,indian penal code covers
PP,practice problems,po prelims,po preparation,pib press
AVL,a very lucid,a very long,a very large,and vicarious liability
SNMPTN
COP,concept of percentage,concepts of profit,concepts of probability,concepts of physics
MUNDO
LSRW,letter series reasoning which
D.C
GPSC,geography polity science current,galaxies planets satellites comets,geometry pre+mains ssc cgl,gujarat public service commission
USM,using shortcut methods,uan sbmptn mahasiswa,useful study material,using simple manner
TO,types of,type of,theory of,theories of
K-SET,Karnataka State Eligibility Test
SPL,solve profit loss,sistem persamaan linear,social political life,state pscs learners
UPSE,uncertainty principle schrodingers equation,unemployment poverty sustainable economic,uttarakhand public service exam
NIA,national income accounting,national income and,nutrition in animals,negotiable instruments act
N.D.A
OSSSC,of social science school curriculum,on solar system ssc cgl,oneword substitution series ssc cgl
CCSE,conceptual clarity special emphasis,cgl chsl stenographer etc,code converter some examples,clear civil services exams
ICG,indian coast guard,in coordinate geometry,intermediate code generation,in c gate
LINE,law is no excuse
HSAB,Hard and Soft Acids & Bases
SHUNGH
DRDO,Defence Research and Development Organisation,divisibility rules derivations of
REER,relative expenditure exceeding rs,ras exam energy resources,related expressions explaining reflection
BPSSC,bank po ssc cgl ssc chsl,between physical systems this section carries
TET,Test,to explain the,the examination the,the educator takes
NIACL,newspaper in a comprehensive lucid
MTB,Mycobacterium Tuberculosis
COA,consists of all,concept of average,concepts of algebra,concepts of average
S. I,Simple Interest
SMPS,Switched Mode Power Supply
BOLTED
ACs,and csir,and css,and cs,algebra csirugc
JSON,Java Script Object Notation
NTPC,nature these problems cannot,no third person can,note this particular course,non technical popular category
SBMPTN
DI-LR,Data Interpretation and Logical Reasoning
MPSC,malayalam physics special class,madhya pradesh specific current,mcq part1 ssc cgl,more practice ssc cgl
RMI,reform movements in,religious movement in,reaction mechanism involved,rotational motion in
LAN,learn a new,living and nonliving,linear and nonlinear,like a nightmare
IND,in new dehli,in new delhi,iit new delhi,in news during
VOC,various other competitive,values of civil,view of competitive,video on current
CHP,course hariom patel,course harsh pandey,course has previous,course himanshu pandya
op amp,Operational Amplifier
VS,very simple,various sources,very shortcut,very short
CGL,Combined Graduate Level,changing global,cement glass,concerned global
ESIC,explain some important concepts,entire syllabus is covered,explain some important concept,explained some important concepts
ICOR,important chapter of reasoning,important concepts of ratio,important concept of reasoning,ii comprise of reading
LR,Logical Reasoning,like railway,light reflection,land reforms
SPOJ,Sphere Online Judge
O.P
STATE,small topics assosiated to electrical,students to ace the editing,science topic and the essential,some tricks and the examples
DTFT,discuss the following topics,designed to facilitate the,discrete time fourier transform,different topics from the
EIS,explained in simple,exam ibps sbi,exams including ssc,english in ssc
WBJEE
MBBS,marathi by balaji shejul,mahanadi brahmani baitrani subarnarekha,menyebabkan benda berpindah sejauh,mcap bull bear stag
HNBGU
Pre,Previous year questions of MPPSC
EKT,examination keeping this,english keeping this,exam keeping this,enough knowledge to
SOLVED
APIs,and proportion is,and phrases is,and pib is,a phrase is
SSE,some solved examples,state service exams,state services examination,syllabus ssb exam
CPT,Computer Proficiency Test
SMOR,specific mcqs of rajasthan,survey method of research,study materials of rajsthan,solves mcqs on rivers
CS,Company Secretary
ABIS,area bounded integral solution,about banking ibps sbi,asked by ibps ssc,and business interested students
EASILY
OTET,of the examination the,on to explain the,of the exam the,out these examples to
P&C,Permutations and Combinations
ITF,important topics for,important topic for,in the form,is targeted for
EI,Emotional Intelligence,explained in,exam in,exams in
STUDY
P.I.B.,Press Information Bureau
NHRC,national human rights commission
Management,"Managerial Economics, keeping in mind the NTA-UGC NET"
JIRA,job interview ready with all
PCG,"Polity, Constitution and Governance"
STDs
LVL,ldc veo lgs,lgs veo ldc,lose vs loose,launching vehicles like
EVE,exam very easily,eigen values eigen,english vocabulary english,early vedic era
COCOMO,cost of capital overview meaning of,concept of center of mass of
PSC,public service commission,percentage ssc cgl,po sbi clerk,po ssc cgl
ARC,Administrative Reforms Commission,a revision course,and reading comprehension,and related concepts
QUANT
ASIA,about simple interest and,any situation in a,actual slot i arithmetic,and studying its application
AIIMS
PYQ,Previous Years Questions,previous year questions,previous year question,previous years question
UUD 1945,Undang Undang Dasar 1945
MONERA
UNIX
AS,Accounting Standards,and some,and ssc,any stage
USBN,updated syllabus by the nta,upsc civil services but nobody,upsc spscs ssc bank nda,us about satellites both natural
RSTV,Rajya Sabha TV,ravi shamota discusses the very,rules shortcuts and tips various,research we study the various
MODELO
VYAPAM
GSI,general studies in,general science in,general science important,government schemes in
NTA,ncert textbook and,new tricks and,network theorems and,needed to attempt
NHB,newspaper has become,ncert history book,nadu history book,notes have been
GIT,given in the,guys in this,grammar in this,geography in this
WML,write mains like,will make learning,with m laxmikanth,which makes life
ERROR,elimination rearrangement reaction oxidising reducing
PC,po clerk,plus course,physical chemistry,particular course
PIPE,po ibps po exam,period in perhaps every,proportion in premedical exams,participation in panchayat etc
TC,this course,the course,this class,the concepts
ICICI,interest compound interest compound interest,in c it covers ifelse,in c it covers introduction,intervals continuity in closed intervals
MODEL
MPF,Monetary Policy Framework
PTE,pgt tgt exams,periodic table elements,presents the expected,per the examination
TV,the various,the very,this video,through various
CAG,concepts and gate,course ashish gupta,course and get,course ajaykumar gosavi
CBD,Central Business District,course briefly describes,course basically deals,course briefly discusses
SIMCAT,syllogism is the most commonly asked topic,system is no more coupled at the,strain velocities in metal cutting and types
NITI,need it the importance,noun is the important,national income that is,news is that its
FIFA,first facts,first farmers,fish farming,fixation fate
CEMENT
NFP,news from pib,not for profit,neet from previous,news for pre
CS/IT,course will be beneficial for GATE
EAN,Effective Atomic Number
H.P,Harmonic Progression
KVS,Kendriya Vidyalaya Sangathan,kept very simple,ka vestar se,khyat vat sahitya
OECD,of energy change during,of exchange cheque demand,of exam critical discussion,of each chapter discussed
EVS,Environmental Studies,exams various school,explained very simple,every video so
in hindi,in g.s section and here I start with indian polity
HRD,human resource development,hssc railway dsssb,hindi recombinant dna,human resources development
CRE,Catalytic Reaction,chemical reaction engineering,course railway exams,cube root etc
GEAR,graduates expectations and responsibilities,geographical extent and regional,genetic engineering and recombinant,gate exams are round
ART,aspects related to,are related to,affairs related to,are required to
FIR,for ibps rrb,for indian railways,find it really,found in rajasthan
CENSUS
LAF,Liquidity adjustment facility
COR,course on reasoning,concepts of ratio,concept of ratio,culture of rajasthan
PYs
DT,discusses the,discuss the,detail this,detail the
OPTO,of precious time of,on political thoughts of,or polar type of,of partnership types of
SSS,sinusoidal steady state,ssc state service,ssb syllabus ssb,some special series
DySo,dy so
PIL,Public Interest litigation,presented in less,problems in less,public international law
JULY
OMET,of mechanical engineering this,other management exams the,of management etc the,other management entrance tests
NER,ntpc exam rrb,ncert environment related,nature electromagnetic radiationparticle,nonrenewable energy resources
ENERGY
RTE,required to excel,related to environment,related to each,related to english
IF,important for,important facts,is for,india for
KONSEP
HEAT,has explained all the,human eye and the,have explained all the,hindi english and the
MAHCET
FAQs
CFL,course for learning,c f l,course for learners,concepts from limits
CLASS,constitutional legal and statutory status,case laws and secretarial standards
CTET,Class 8th History NCERT,course the educator takes,crack this exam this,cover the entire topics
POLITY
RSA,requires special attention,rpf si and,require special attention,railway ssc and
SOIL,sources of international law,several other initiatives like,states of india like,society of india lets
PI,Personal Interview,provided in,problems in,provide indepth
HUKUM
DSP,days study plan,discuss some previous,digital signal processing,discuss some proven
BIMBRA
RRB,Recruitment Board,railway recruitment board,redox reaction by,redox reactions before
FIRST,for indian railways super tet,for indian railway super tet,for indian railways supet tet,for ibps rrb sbi this
Mech,Mechanics Part 4: GATE
NCLAT,no corner left after that
UDHR,upadhyay discusses protecting human rights,universal declaration of human rights
ECG,exam centric government,entire collection gives,electric circuits gate,eighteenth century gave
S.H.M
KCL,Kirchhoff's Current Law,kirchhoffs current law,kirchoffs current law,kirchhoffs circuit law
APRIL
mela,"Mela,in this course various fairs"
GLBB,gerak lurus berubah beraturan
Physics,Physics: GATE
MOA,month of august,mcqs on ancient,month of april,mcqs on a
ISSCS,indian standard soil classification system
SFEE,strategy for environment ecology,steady flow energy equation,series for engineering entrance,sets for environmental engineering
HETP,have explained the previous,hindi experience the power,help everyone to prepare,have explained the physical
INGLES
Vocabulary,vocabulary
IAS,Indian History for UPSC CSE
AMP,a major part,about madhya pradesh,and mains perspective,and mains part
CMA,Certified Management Accountant,chsl mts and,cse mains and,commerce management aspirants
II,it is,in india,is important,india in
SSG,steel structures gate,steel structure gate,special status given,solve some gate
NUMBER
VA,verb agreement,verbal ability,vocabulary and,view and
CSP,course sakshi pahwa,class sharayu pujari,civil services prelims,course sharayu pujari
GROUP
LDA,lok devta and,lesson dr akanksha,lesson discusses about,lok devata and
MCQ's,Multiple Choice Questions
TPA,Tes Potensi Akademik,to provide a,through pictures and,to prepare and
ETER,exam talathi exam railway,explains the electrochemical reactions,explain the exact relationship
CYBER
SNAP,speech namely adjectives prepositions,some numerical ability problems,speech noun and pronoun,series novel and provides
UPSSSC
EMT,Electromagnetic Theory,easy methods to,elaborate manner this,english mock test
DMRC,dan masa reformasi course,discusses most repeated chemistry,disaster managements related current
GK,General Knowledge
NMAT,national movements and the,november month and these,nandini maharaj as the,no more a tough
LSM,Limit State Method,learn short method,last six months,learn short methods
GSTR,goods service tax regime,gandhian strategy to revolutionary
OCD,Obsessive Compulsive Disorder
EC,each topic for GATE-2019,exam cse,exam centric,every concept
RCC,Reinforced Cement Concrete
AKHIR
OS,operating system,of ssc,of speech,of science
PUDA,preposition using diagrams and
BTET,between the eighth to,before the examination this,before their exam time,behind this enjoy the
LAW,level along with,learn about what,life as well,language and will
Pie Chart,Pizza Chart
VSEPR,valence shell electron pair repulsion
UML,under muslim law,upto mains level,unconventional machining like,untuk menghasilkan listrik
IOS,in our surroundings,ias online study,in operating system,is one stop
UG,under general,udit gupta,uppsc gs,upcoming government
PRE,physics railway exams,proportion railway exams,problems railway exams,python regular expression
DSSB,dalam segi sukunya budayanya,dan seru seruan bareng,decoded series started by,dilr sets solved by
synonyms,"synonymous to each other, it offers a choice of alternative words"
YOJANA
LEONG
FISIKA
BABAT,bfs and bfs and tree,between a body and the,be a big advantage to
JEST,jee exams by solving the,je exam so all the,je exam we starts the,jee enthusiast to solve the
UKPSC,useful for kerala p s c
FF,foundation for,facts for,for february,facts figures
FRDI,Financial Resolution and Deposit Insurance
MVT,model-view-template
TRICKS
TN,the notes,the next,the new,the ncert
DBT,daily basis the,daily basis this,difference between the,discusses basic to
CI,Compound Interest
TAMIL,to attempt more questions in less,this as much i think lack,than a min in this lesson,there are many built in libraries
RMS,restriction mapping simplified,resource management subject,ras mains school,reasoning makes students
GOC,General Organic Chemistry
UTGST,under the general studies section the,understand the global structure and their,understand the goods and services tax,under the general aptitude section this
IMT,in minimum time,in mind the,is meant to,in mock test
TWK,Tes Wawasan Kebangsaan,the well known,third week kannada,they will know
FiFa,first facts,first farmers,fish farming,fixation fate
INTER
ZP,Zilla Parishad
NTU,need to understand,needs to understand,ncert tags upsc,necessary to understand
NGOs
G.A
WORK
GL,gate life,good luck,gauss law,gausss law
MPTET,madhya pradesh teacher eligibility test
G.P.,Geometric Progression
GAT,General Ability Test
OICL,on it cyber law,of indian constitution like,operators in c language,of ionic crystal lattice
IIFT,it is for those,is important for the,it is found that,is important from the
NRC,National Register of Citizens,natural resources class,named rh criteria,natural resources crucial
TEORI,this course economy of rajasthan in,the emergence of reformist movements in,the explanation of the rates in,the important effects of radioactivity it
FLUID
OPSC,on physics ssc cgl,of pre stressed concrete,of polity ssc cgl,on polity ssc cgl
op-amp,operational amplifier
VERB
PIN,person in news,precise in nature,places in news,personalities in news
tan,tangent
KELAS
"ME, CE",Mechanics Course For GATE
MR,mcqs related,most repeated,much required,minute revision
Op-amp,Operational-Amplifier
INDIA
SHGs,score high in gs
ASO,any stage of,a series of,a summary of,and so on
MC,multiple choice,my course,monthly current,mole concept
DFT,designed for the,dont forget to,daily from the,dedicated for those
MODERN
SRCC,square roots cubes cube,square root cube cube,subtypes ribosomes cytoskeleton cilia,series2 reagents chemistry csir
C.O.M
SDA,sumber daya alam,speed distance and,shall discuss all,shall discuss about
JLP,Joint Life Policy
SIMAK,study indian map positions and knowledge
MFs
OSK,one should know,of ssc keeping,of speech knowledge,one session kumar
NDC,national development council,newspaper daily can,november daily current,nationalism during colonial
FDI,Foreign Direct Investment,fundamental duties in,for data interpretation,face difficulty in
AWA,Analytical Writing Assessment,as well as,aspirants who are,and will also
IDE,in different exams,in digital electronics,in different examinations,in defence exams
C.I
PGDBF,plant growth and development basic features
BOOK,basics of systems of kinship,based of design of keys,be one of the key
PRB,Permeable Reactive Barrier
AOD,application of derivatives,affairs of december,all one day,affairs on daily
NVS,natural vegetation soils,new video series,next video so,newspaper very simple
WBPSC,will be teaching about English for PSC Clerkship,will be practice sessions covering,west bengal public service commission,will be practice ssc cgl
POS,parts of speech,principles of state,part of speech,properties of soil
BRI,be really important,basics right in,biology reproduction in,blood relation in
RLC,raoults law colligative,refined let’s check,reproduction life cycle,range limit continuity
GRE,Graduate Record Examination,graphical representation etc,groupd railway exam,gk railway exams
CCE,course covers everything,comprehensively cover entire,course covers entire,course covers each
SSBs,special category states bs6
ANS,about number system,and number system,and neet students,aptitude number system
ISRO,important social reformers of,indirect speech rules of,in science report of,in science reporter of
OTA,on time and,of time and,opportunity to ask,of thermodynamics and
DEO,detailed explanation of,detail explanation of,detailed explanation on,differential equations of
KARTET
CUM,course urvashi mishra,culturally understood meaning,ctet uptet mptet,cover up most
ELECTRICAL,electrical power system which will be helpful for all JE
PRT,problems related to,points related to,provisions related to,problem related to
IFOS,important for our ssc,income from other sources,important facts on sayyad,important features of sponges
RC,Reading Comprehension,revision course,related concepts,related current
RFP,revision for prelims,reproduction for premedical,relevant for prelims,rules for pronouns
CNS,course nikhil sharma,course natasha swami,course nirbhay singh,course neeraj sharma
MCQ,Mock questions,mcg question
FRM,for ras mains,for rrb mains,frequency response much,fundamental rights making
DASAR,discussed about ssf and rsf
TOP,types of problems,type of problems,track of pib,theory of production
TREE,tone roots etc enjoy,to relative expenditure exceeding,transient response ese e,topics regarding environmental engineering
VBT,very basic to,valence bond theory,very basics to,very beneficial to
csc,cosecant
sec,secant
RGPV,rajasthan history gurjar pratihar vans
OWS,one word substitution,one word substitutions,one word substitutes,of water supply
PGCIL
PSSSB,preparation ssc syllabus syllogism blood
GA,GATE
KAS,key and solutions,know about ssc,know about some,know about ssb
DIY,disciplined in your,difference in your,digital india yojana,definitely improve your
TITA,the important topics and,the important topics are,the important terms and,the important tips and
OOPS,objectives of power system,overview of power system,overview of political system,overview of protein structures
SOG,solution of gate,system of government,section of general,sale of goods
JS,jee students,jee syllabus,judicial services,je state
VI,very important,vocabulary in,various important,very interesting
UK,upcoming kerala,us know,unacademy kerala,upsc kpsc
P.O.C,Practical Organic Chemistry
CBC,covers basic concepts,course basically covers,cover basic concepts,contains basic concepts
NE,nda exams,ntpc exam,ncert explained,ncert exercise
Part 2,Previous Year Questions of CAT 2018 and 2017
MAY,much as you,mind and you,me about yourself,menjelaskan apa yang
ANSI,American National Standards Institute
UJIAN,upsccse join it for a never
LDE,like d el,linear differential equation,linear differential equations,laboratory diagnosis epidemiology
Punjabi,Punjab Examination November 2018
CSBC,crack ssc bank cat,cover some basic concepts,case shah bano case,covered sociological basic concepts
WBP,will be provided,will be providing,will be presented,will be provide
MCA,monthly current affairs,month current affairs,mock current affairs,malayalam current affairs
JFET,judiciary fundamental rights etc this,job for everyone watch this
SOA,structure of atom,summary of all,section of any,syllabus of all
BI,business intelligence
QnA
XXII
CCC,Computer Concepts,cgl chsl cpo,cgl cpo chsl,complete crash course
RNAI,regional national and international,rational numbers and irrational,recent national and international,rational number and irrational
IIMs
IIT JEE,"in the Branch of Physical Chemistry for IITJEE Mains and Advanced,""Chemical Kinetics"
Micro,Market and Price Determination
PRC,People's Republic of China
DAC,devices and circuits,discuss about current,discuss all concept,divide and conquer
AOP,analysis of pib,analysis of previous,at one place,analysis of paper
TBI,the basic introduction,the basic idea,the basic information,their basics it
IRS,in reasoning section,indian river system,it requires special,indian railways super
VHDL,verma has discussed advance level
TSO,the summary of,the syllabus of,the study of,the structure of
TEM,the educator megha,the expected mcqs,the entire modern,to engineering mechanics
H.G
AIPMT,asked in prelims and mains this,and it provides students minimum time,also includes the project management techniques,approach in problem making for the
COURSE
TIER,the important events related,the important environment related,the indias external relations,the interparliamentary economy rebuilding
PHP,PHP Hypertext Preprocessor,progression harmonic progression,pre historic period,power hydro power
ON,of number,of ncert,of november,of numbers
JAT,jee aspirants the,jee aspirants this,just after the,jee advanced the
DNA,Daily News Analysis,daily news and,daily newspaper analysis,discuss news and
MAP,mains and prelims,mcqs and previous,manufacturing and production,much as possible
KIMIA,keeping in mind iit jee advanced
ICSC,ibps clerk sbi clerk,indian constitution ssc cgl,ibps clerk ssc cat,in cat since childhood
HCV,hindi complex variables,has covered various,harappan civilization vedic,has covered very
LIFE,launching its first executive,level is from easy
OR,of rajasthan,of reasoning,on reasoning,of ratio
IBACIO,intelligence bureau assistant central intelligence officers
TES,the entire syllabus,the english section,the economic survey,the examination such
LERMS
MOSFETs
PPSC,pradesh public service commission,previous papers ssc cgl,problems preperaing students completely,post profiles ssc cgl
KERALA
MUGHAL
RO,revision of,rules of,revolt of,range of
CATIA,can analyse the important areas,cover all the important aspects,cover all the important and,covers all the important aspects
IGST,in general science topics,important government schemes the,important general studies topics,in geometry section this
CELL,ctet english language learning
AMIE,and make it easy,and major important events,and maharashtra i e,are mentioned in easy
CDs,ctet dsssb,cpo dsssb,cgl dsssb,crack dsssb
ODIA,on data interpretation and,of data interpretation and,of democracy in a,of definite integrals and
ENEMs
XAT,x all the,xii all the,xavier aptitude test,xii and this
ME,Mechanism and Balancing: GATE,most expected,mains exam,mains examination
Main,Missile System for India (In Hindi) for RAS
XIX,xenon ie xef2
JPA,jee pattern and,java program and,je preparation and,job profile and
IIM,it is most,it is mainly,it is made,it is more
GCERT,govt competitive exams related to,govt competition exam ras teacherand
OUT,of upsc this,on understanding the,of understanding the,one understand the
UPSI,up police sub inspector,understand political science in,upsc preparation strategy ias,uttar pradesh sub inspector
TSPSC,telangana state public service commission,the state public service commissions,the students preparing ssc cgl
GAAR,general aptitude and reasoning,gst audit and reconciliation,general awarness awarness regarding,groups abo and rh
SOT,Solutions of Triangle
NITs
RVUNL
WCD,will comprehensively discuss,will cover daily,will cover different,will cover detailed
GATE,Graduate Aptitude Test in Engineering
INCOME
LPC,life processes class,linear programming class,life process cbse,like periodic classification
WEBER
RAC,Refrigerator and Air Conditioner,root and cube,roots and cube,rules and concepts
UPCS,upsc psc civil services,uttar pradesh culture ssc,understand project control scheduling,u physics complete sound
TKP,Tes Karakter Pribadi
PMP,Project Management Professional
DU,detailed understanding,deep understanding,di un,discuss understanding
WAVES,which are very time efficient short,which asked in various exams so
STI,so that it,solve them it,so this is,solve them in
BCK,Business and Commercial Knowledge,been created keeping,basic concepts karak,business commercial knowledge
AOA,analysis of all,and other aspirants,aspirants of all,affairs of august
NMR,not many resources,numerous mcqs related,national movement rank,national movement rpsc
GBO,grade b officer,genetic basis of,geography based on,geometry basics of
M.C.Q
mains,Maithili literature optional for UPSC
PR,panchayati raj,points related,po rrb,pib releases
EVMs
IMCQ,important multiple choice questions,in multiple choice questions,includes multiple choice questions,including multiple choice questions
IASE,in all ssc exams,in a simple easy,indices and surds etc,inclusive and special education
AUG,all upcoming government,and unitary governments,applets using gui,affairs under general
ILI,important locations in,ideas learned in,important lessons in,in learning idioms
EIA,explained in a,excel in a,ethics integrity and,explained in an
RTD,related to data,related to different,related to dice,related to direction
BBC,Biotechnology-Basic Concepts
KSET,know some easy tricks,karnataka state eligibility test
CCRT,Culture from Ministry of Culture Website,covers concepts related to,courses covered related to,complex concepts related to
ACIO,Assistant Central Intelligence Officer,a clear idea of,and current issues of,and culture is one
RCEP,Regional Comprehensive Economic Partnership,ribosomes cell envelope plasma
MDoF,must do for,minute doubts from
SMA,shortcut methods and,soil mechanics and,solve mixture and,short methods and
IBC,indirectly be covered,its basic concepts,important basic concepts,includes basic concepts
ISIS,important staterelated issues science,is structured in such,ias study ias syllabus,india since independence summarised
DIODE,discusses the importance of digital electronics,data interpretation based on discount easy,discuss important questions of digital electronics
UA,upsc aspirants,upsc and,university assistant,uptet and
FULL,functioning union legislature lok
USPC,units successive percentage changes,upcoming state preliminary combine,using successive percentage change,upcoming sbi po clerk
CRR,course ravi rewar,course ravi ranjan,course rishi raj,course rugma r
PE,premedical exams,psc exams,po exam,prelims exam
TEST,the english section the,tet environment studies the,the engineering students the,the entire syllabus this
MAINS,maths section of SSC CGL,monarchy and democracy in nepal sri
NOTA,needs of the aspirants,numericals on thermodynamics and,numericals of thermodynamics and,numericals on that and
OLAP,of learning and pedagogy,of light at plane,our life a preposition,of light and polarisation
CPO,chemical properties of,complete package of,complex problems on,course pallavi ojha
AFCAT,a fabulous course and thus,a few concepts and terms,analogy full concept and tips,apart from covering all the
OPEd,of progressive education,of physical education,or pursuing education,on promoting education
PHOTON
MNREGA
NAVY,notes and various previous year
DAYS,dikandung atom yaitu seperti,detail about yojana summary
ER,energy resources,everything related,exam related,economic reforms
CAT,Common Admission Test,cover all the,covers all the,course aims to
RGNAU,Rajiv Gandhi National Aviation University
HTU,how to use,help to understand,helpful to understand,helps to understand
TRICK
U.S
GNP,Gross National Product
IE,in english,indian economy,i e,ias exam
R.C.C,Reinforced Cement Concrete
WBC,will be conducted,will be covered,will be covering,will be cleared
90 minutes,"90 mins,""This Course by Ashna Sisodia consists of 1 session of 1.5 hours"
ODTET,of digital electronics the educator takes,of despite though although even though
Buddhism,"Buddhism: Religion and Philosophy,""In this course, Arti Chhawari will discuss Religion and philosophy"
FOR,functions of rbi,festivals of rajasthan,features of rajasthan,first order reaction
ECE,Electrostatics: GATE
RRD,rugma r das,rajkishor ranjan discusses,rod ring disc,russia relationship decoded
BAKSHI
LGBT,local government bodies the
WBSC,with basics ssc cgl,will be starting cft,will be special category,will bust some commonly
LD,lebih dalam,loss discount,lesson deals,level di
JPSC,Jharkhand Public Service Commission
MSF,Marginal Standing facility
HST,help students to,hindi strategy to,hindi short tricks,hindi speed time
PDS,Public Distribution System
CODES,classes of dopplers effect this session,concept of differential equation the session,contribution of different economists different schools,course on drawing extrusion and sheet
FS,for ssc,for students,for sbi,for solving
ARMY,and rotational motion previous year
MATRIX
HOT,help of this,history of the,help of tricks,help one to
KPSC,Karnataka Public Service Commission,kerala p s c,kerala public service commission,kaidah pencacahan saya cocok
P.O
CLERK
STL,Standard Template Library,so that learners,students to learn,strategy to learn
ICPC,International Collegiate Programming Contest,its compounds periodic classification,it covers pronouns conjunction,indian constitution parliamentary committees
CWE,course will explain,course will enable,cold war era,chouhan will explain
Mechanical,manufacturing subject along with previous year questions.This Course is beneficial for GATE
H.C
MTP,Medical Termination of Pregnancy
TSD,to solve data,to solve di,time speed distance,to solve different
CAM,current affairs mcqs,current affairs mcq,cover a maximum,commerce and management
HTET,how to enter transaction,hindu the economic times,how to eliminate the,help to eliminate the
cos,cosine
PVT,passive voice this,passive voice the,passive voice through,phrasal verbs that
Science,"SSC CGL,""Educator have discussed important multiple choice Questions of Physics"
XL,xat level,x literature,x level,x let
R.H
LS,live session,like ssc,life sciences,lecture series
DM,Delta Modulation
SP,Selling Price
PLANA,polysachharides lipids and nucleic acids
IoT,Internet of Things,iof the,ion torrent
CPNS,coverageas per new syllabus,class polity ncert summary
NPAs,Non-Performing Assets
SYSTEM
TdS,the delhi sultanate,to discuss some,the digestive system,the detailed solutions
HRM,human resource management,hindi rotational motion,human resources management,hindi ras mains
XML,xi mathematics statistics lesson,xi mathematics probability lesson
TVM,time value of money
DPSP,Directive Principles of State Policy
XY,x y,x yang,x you,xii yaitu
RAIL,renaissance and its leaders,relations at international level,rcc an important limit,rule and its limitations
DAILY
PDA,Persamaan Dasar Akuntansi
STET,state tet exams this,statelevel tet exams there,simplifying their efforts to,solve the examples the
PCR,Polymerase Chain Reaction,po cat railways,police constable reexam,po clerk rbi
PMT,practice mock test,projectile motion this,prime minister the,prelims mock test
BITSAT,brief introduction to semiconductors and their
SHEET,she has extensively explained the,species human ecology etc the,sharma have extensively explained the
TENSE
NCERTs
JTET,judge the efficiency among them,jest tifr etc hope this,journey towards cat examination these,je tnusrb tnpsc exams these
NBFC,ncerts books from class,ncert book for class,ncert books from class,ncert books first chapter
KMPs
CISR,course includes short revision,concepts introduction singly reinforced,century india social reform,covers important short revision
EPS,exam pattern syllabus,examples problemsolving skills,exam preparation strategy,exam pattern ssb
XX,xi xii,xef2 xef4,x xi,xii xiii
function,"Function,""In this course we will discuss trigonometry ratios"
HPS,hindi preparation strategy,hindi percentage ssc,hindi political science,hindi practice set
ABM,Advanced Bank Management
G.M,Geometric Mean
AFACT,as far as clearing the,and fro and circular track,and figures and compares the,about fixed axis combined translational
DILR,data interpretation logical reasoning,different immunotechniques like ria,definite integral lebnitz rule
CRUD,cube root unit digit,create read update delete
NA,net aspirants,neet and,news analysis,nda afcat
DCCN,Data Communication and Communication Networks
BPL,Below Poverty Line
TARGET
SCCL,ssc cat comfortable lessons
AR,ASSERTION REASON QUESTIONS
EXAMS
LTI,Linear Time Invariant System,linear time invariant,learn the important,language that is
PQRS,practice questions related syllabus
UDP,using dalemberts principle,use different process,under different phyla,upadhyay discusses percentage
Part 1,Physical Geography Series 1 for UPSC CSE
VLSI,various languages spoken in,video lectures series in
MATLAB
CANARA
ISC,in ssc cgl,interest ssc cgl,in ssc chsl,india ssc cgl
PN,premedical neet,pib news,polity ncert,port network
UPSSC,u p special static and current,up police ssc chsl ss cgl
EEMI,Electronics Measuring Instruments
ML,Money Laundering
CHILD
MATH,military and technological history,manner after they have,mechanics also tells how,mcqs about the history
WTO,World Trade Organisation,what type of,which type of,with the overview
BARC,be a recurring course,be a revision course,banking afcat rpf cat,being a revision course
AIDS,an in depth study,application in different scenarios,about indian drainage system,as important dates syllabus
NLM,newtons laws magnetism,not literal meaning,non linear modulation,numeracy last minute
IMP,in madhya pradesh,in modern physics,in minimum possible,its monetary policy
STYLE,so that you can learn everything,so that you can learn easily
W.B.C.S
RFLP,restriction fragment length polymorphism,recognize for long period
RDT,Recombinant DNA Technology,roy discusses the,really difficult to,related discussion the
OMETs,of mughal empire the session
SUB,stated under bionomial,ssc upsc banking,soal un bahasa,solved uniquely by
DME,discuss most expected,discusses most expected,detail most expected,discuss most essential
PSB,public sector banks,preeti shall be,preparing ssc banking,psc ssc banking
INSEAD
MICAT,most important current affairs through,most important current affairs this,most important current affairs topics,most important current affairs topic
IPC,Indian Pinal Code
GGL,goo gl lmakov,gate granular level,geography gk like,generation gate life
ICMR,ibps clerk mains reasoning
IFC,important for competitive,important for ctet,interpretation for cat,is for class
Tat,Thematic Apperception Test
TIFR,the important facts related,the important formulae related,through its frequency response,the important factors related
SMART,social movements and reforms the
SSB,Service Selection Board,satywan shall be,shubham shall be,saumya shall be
SLR,solve logical reasoning,series logical reasoning,see linear races,statutory liquidity ratio
IS,in ssc,in such,ias syllabus,in solving
GSEB,grammar sanghya ek naya bhag,govt sector exams conducted by,government services exams will be,general science ssc exams by
RBB,really be beneficial,read books bookbhook,regular basis brush,ready beckie because
BEAMS,banking exam aspirants mathematical shortcuts
GUI,gate upsc ies,gates used in,graphical user interface,good understanding india
EXAM,electrostatics class xii and most
ICE,IC Engine,in competitive exams,important current events,ibps clerk exam
J.E
DNS,Domain Name Server
IGNOU
WEF,with explanation for,with examples for,with explanations for,with exam focussed
DFS,designed for ssc,distance for ssc,designed for students,decoding for ssc
TA,time and,the aspirants,tips and,tricks and
IPS,ibps po sbi,indian polity ssc,in power system,indian political system
SSA,shiksha abhiyan,sendiri seperti apa,steady state analysis,solve some aptitude
POLICE
ERP,equivalent resistance part,exam related points,exam related post,exam related problems
UPPSE,u p p c s etc
SISTEM
MAC,my all courses,more advanced concepts,minister and council,mechanical and civil
DSLR,different sects like reform
CPC,Civil Procedure Code
DERET,discusses everything railway examination that
MSI,mat snap iift,maths students in,maximize score in,marathi simple interest
CFA,centric facts about,course for all,concepts formulas and,course for afcat
DS,discuss some,discusses some,data structures,detailed solution
MCI,my course is,my course i,may come in,motion class ix
SHM,Simple Harmonic Motion
XIV,xe which is very,x history in very
IIT,Institute of Technology,it is the,in india the,insight into the
GRAND
G.H
PnC,pneumatic comparators,pns cranial
SERIES
ALPT,assistant loco pilot technician,and loss problems the,and lenses problems the,and lines passing through
ITR,important topics related,in the reasoning,in the recent,important terms related
FETs,for competitive exams ts
PAC,permutation and combination,pipe and cistern,po and clerk,permutations and combinations
OIR Test,of Intelligence Test
SERIES A,solved. This course consists of 76 Questions of the Law Paper.
MATHS,mechanics and then i have solved,methods approaches to help learners solve
RAS,Rajasthan Arts And Culture
RDBMS
TETs,to enhance the skill,the exam the session,to enhance the skills,the examination the selection
EQ,Emotional Quotient
A.P,Arithmetic Progression
SIFAT,some interesting facts about the,sections important for and the,ssb interview for amazing tips,structure is formed and the
LEARN
RP,rrb po,ratio proportion,related problems,regarding preparation
ODE,of digital electronics,of differential equations,one day exams,one day exam
III,it is important,in india in,in india it,its importance in
SECRET
PBB,Perserikatan Bangsa-Bangsa
