CGL,5279
MCQs,3080
NET,2602
JEE,2211
IIT,1793
UPSC,1760
CAT,1749
UGC,1496
IBPS,918
CTET,904
RPSC,904
PSC,813
PYQs,799
CDS,799
NTA,700
UPPSC,685
MPSC,668
CSIR,590
MPPSC,568
AFCAT,528
RRB,501
NEET,489
XII,464
TNPSC,448
SBI,430
ESE,317
WBPSC,288
II,282
BPSC,237
XI,220
CHSL,196
APPSC,178
OPSC,163
CLAT,155
KPSC,141
SBMPTN,141
GPSC,132
NTPC,127
CSAT,127
DNA,122
ALP,122
DSSSB,115
TET,109
XAT,105
IX,104
EVS,100
IT,96
HPSC,95
AIIMS,93
SSB,91
IITJEE,87
MAINS,76
SQL,74
JRF,73
IES,67
CPO,66
UPSSSC,63
HTML,62
PPSC,55
CAPF,54
GRE,53
CLERK,53
NIACL,53
AAO,50
GMAT,49
IELTS,46
MBA,45
REET,45
ENEM,45
LIC,45
KVS,43
UN,43
III,42
ASO,41
EXAM,41
JAM,41
AIR,38
PRE,38
TSPSC,37
AND,36
CBT,36
JPSC,36
SOM,35
FOR,35
DBMS,34
IB,34
ACIO,34
PHP,34
SNAP,33
IUPAC,33
TV,32
MCQS,32
PART,31
UG,31
CGPSC,31
LR,31
IV,30
CSS,29
G.K,29
SMA,28
CDPO,28
RC,27
BANK,27
MPTET,26
VI,25
ICT,25
ISRO,25
VYAPAM,24
UTBK,24
EE,23
VEO,23
HR,23
OF,22
APSC,22
CPU,22
VARC,22
HTET,22
CDP,21
VA,21
GROUP,21
GRADE,21
PSIR,20
CDSE,20
HPPSC,20
NITI,20
MAIN,20
TIER,19
UNESCO,19
LDC,19
TETs,19
HSSC,18
UPSE,18
NCERTs,18
CLASS,17
TPA,17
RO,17
AE,17
RSTV,16
RNA,16
TEORI,16
PSEB,16
SEBI,16
PAPER,16
COURSE,15
JAVA,15
VII,15
EXAMS,15
TOM,15
VIII,14
MTS,14
TOP,14
NMR,14
NABARD,14
ARO,14
OOP,13
JIPMER,13
IIFT,13
OOPs,13
VLSI,13
ER,13
IR,12
OSI,12
RAC,12
JKPSC,12
FAQs,12
ME,11
KAS,11
PRT,11
NVS,11
PERT,11
CPM,11
EM,11
IMP,11
ON,11
CIVIL,11
OS,11
PI,11
MOST,11
IPCC,11
DAN,11
H.C.F,10
POLITY,10
UPPCL,10
TRICKS,10
CAD,10
MATHS,10
CMAT,10
FM,10
PSI,10
MOSFET,10
NTSE,10
EMT,10
DILR,9
IMF,9
MOCK,9
NIOS,9
PSCs,9
HRM,9
L.C.M,9
OMET,9
PSU,8
MDS,8
TO,8
BCK,8
ABC,8
IIM,8
TNTET,8
VSEPR,8
GIS,8
ASEAN,8
KERALA,8
HOTS,8
VRO,8
PN,8
TN,8
CAM,8
J.E,8
UNBK,8
FDI,7
IPA,7
APDSC,7
BARC,7
ARC,7
IFRS,7
CET,7
WBPCS,7
JAIIB,7
AS,7
SOP,7
TKPA,7
MySQL,7
BITSAT,7
GUI,7
AIPMT,7
C.B.S.E,7
XML,7
ODE,6
PTET,6
OSSSC,6
HRD,6
LRDI,6
CRASH,6
STAN,6
ALL,6
JUNE,6
KIMIA,6
DSC,6
SC,6
PKN,6
AIDS,6
IN,6
WKB,6
G.S,6
USM,6
OOPS,6
GSTR,6
SYSTEM,6
DPSPs,6
ACM,5
GAAR,5
DFT,5
FIFA,5
CAG,5
OMETs,5
ICPC,5
CCE,5
ICG,5
MPP,5
UDP,5
POLICE,5
SDOF,5
ICSE,5
LD,5
JULY,5
PYQS,5
EMI,5
WORK,5
SCC,5
LTI,5
IP,5
EVE,5
FACTS,5
TIME,5
TOC,5
SET,5
SAARC,5
MNS,5
TES,5
DAC,5
ACT,5
WTO,5
U.P,5
AAI,5
NPA,5
WAT,5
FF,4
PGCIL,4
LAN,4
JSSC,4
AFACT,4
LERMS,4
APIs,4
HCS,4
INDIAN,4
THE,4
EPW,4
BITS,4
WBP,4
BC,4
NEER,4
SIAP,4
DASAR,4
CRE,4
TCP,4
GDP,4
MH,4
MAT,4
SMK,4
CGl,4
HMT,4
IPS,4
HINDU,4
RTD,4
SA,4
PARA,4
WITH,4
MPSI,4
BASICS,4
UTUL,4
REER,4
KVL,4
EnE,4
M.P,4
EA,4
OSK,4
UNIX,4
NBFCs,4
CMOS,4
PE,4
UNIT,4
BASIC,4
ISCA,4
MPPEB,4
HPTET,4
LAW,4
ACF,4
NAT,4
NAVY,4
EFF,4
SOAL,4
MBBS,4
CRACK,4
XLRI,4
TEST,4
LINEAR,4
TISS,4
CV,4
RTE,4
PDE,4
MAY,4
SIMCAT,4
KCL,4
IUCN,4
FIR,3
VS,3
INDIA,3
LCR,3
IBC,3
RSMSSB,3
CSP,3
CENSUS,3
PTN,3
SIDDU,3
MHC,3
VITEEE,3
FAQ,3
BOB,3
DERET,3
LLP,3
DSSB,3
AHC,3
ABCD,3
PGDBF,3
MODERN,3
DIY,3
DTFT,3
IIMs,3
NGOs,3
SPSC,3
CCC,3
SCERT,3
KVPY,3
SMART,3
EC,3
BRICS,3
STATE,3
LSM,3
PEB,3
RDBMS,3
RCs,3
ESI,3
ADC,3
SERIES,3
S.I,3
CIM,3
OCF,3
DFA,3
FET,3
AEN,3
NMAT,3
IPR,3
LaTeX,3
RRF,3
DU,3
OWS,3
MAH,3
TOEFL,3
NRC,3
TIPS,3
D.EL.ED,3
M.C.Q,3
COA,3
TIFR,3
CH,3
SSE,3
XIX,3
FEMA,3
R.C.C,3
CNC,3
LEVEL,3
DATA,3
ONE,3
ERROR,3
TMJ,3
REVIEW,3
FFT,3
JFET,3
IGST,3
R.P.F,3
LEONG,3
SCM,3
DS,3
FISIKA,3
MAP,3
GPS,3
P.O,3
MATLAB,3
AVL,3
ITI,3
GIT,3
PCR,3
UGM,3
ITC,3
EIA,3
RDT,3
HOTs,3
LCS,2
BOTANY,2
PLC,2
HIV,2
STET,2
SSS,2
IASE,2
AWT,2
NCLT,2
LEARN,2
SSR,2
C.I,2
INC,2
YEARS,2
AMP,2
ETER,2
TRT,2
LMS,2
DSP,2
ISIS,2
SMP,2
ASM,2
MATERI,2
CWE,2
A.C,2
R.B.I,2
FI,2
ICRB,2
MOSFETs,2
CJI,2
TCS,2
CL,2
RTP,2
DEC,2
MDI,2
DFS,2
AIEEE,2
ISC,2
DBT,2
PC,2
DAYS,2
MA,2
ANS,2
MATH,2
LGBT,2
AOD,2
LBSNAA,2
UJIAN,2
DEO,2
R.S,2
BEAMS,2
FS,2
CES,2
CFD,2
GSM,2
IS,2
BELT,2
KARTET,2
TIGA,2
HCV,2
IRS,2
ITR,2
CDM,2
KTG,2
MODEL,2
DRDO,2
PLD,2
KELAS,2
CGLE,2
MCA,2
D.C,2
OCS,2
MOA,2
MOHR,2
IDE,2
USPC,2
GEAR,2
UPPSCs,2
TAX,2
ICET,2
OICL,2
TRIZ,2
JAT,2
RBSE,2
TBI,2
I.C,2
DMRC,2
HOW,2
MVC,2
USSR,2
JEST,2
CCRT,2
PH,2
VLE,2
BAKSHI,2
NCM,2
STI,2
UPP,2
IF,2
QnA,2
BRAKES,2
YEAR,2
SD,2
NEWS,2
SSA,2
OLAP,2
UTET,2
WBJEE,2
G.I,2
TECH,2
CAIIB,2
TARGET,2
PY,2
BSSC,2
CCSE,2
RMS,2
ICs,2
DAILY,2
MATRIX,2
IE,2
MNREGA,2
MC,2
OIR,2
IL,2
UKPSC,2
UTGST,2
JK,2
AUGUST,2
RFO,2
RFLP,2
OLD,2
FPTP,2
HPAS,2
SIMAK,2
FLUID,2
TITA,2
OAS,2
BRI,2
HPSSC,2
PIN,2
PF,2
CRO,2
LIFE,2
PMT,2
CANARA,2
GCERT,2
RTI,2
IIR,2
NOUN,2
CELL,2
SNMPTN,2
AILET,2
NOTA,2
TRAIN,2
BBA,2
BMSB,2
PR,2
INTER,2
JSP,2
SHELL,2
JMX,2
IFS,2
CDs,2
R.K,2
STATIC,2
CUM,2
RBC,2
ARM,2
WORLD,2
FPI,2
H.C,2
S.P,2
CMA,2
GUIDE,2
RGPV,2
TSD,2
FDA,2
CNS,2
GUIs,2
RMI,2
NCFM,2
GCD,2
STL,2
DICE,2
VBT,2
RECENT,2
PSB,2
TRUSS,2
SEO,2
NUMBER,2
MAC,2
CITES,1
MOODS,1
LGS,1
GAAPs,1
LOGIKA,1
PGR,1
RPf,1
HFL,1
SISTEM,1
BENTUK,1
XVII,1
MHD,1
TWK,1
PYs,1
WCF,1
QUICK,1
SPL,1
MODALS,1
PLDs,1
HTU,1
SBIPO,1
SWOT,1
INCOME,1
SNi,1
MAHCET,1
XVI,1
CMB,1
SCST,1
LAST,1
NITs,1
DT,1
MADE,1
GRAND,1
EKT,1
CHILD,1
TENSE,1
NPOs,1
LED,1
UPPSE,1
HEAT,1
TENSES,1
RSA,1
AMIE,1
SCCL,1
SOLVE,1
ESIC,1
R.A.S,1
EI,1
CMS,1
FTP,1
CBC,1
MDoF,1
LOG,1
NSAIDs,1
WiFi,1
BFS,1
EIC,1
TSO,1
SIG,1
RATIO,1
KYC,1
G.A,1
CYBER,1
PRELIM,1
JEN,1
IRNSS,1
UNIQUE,1
ASPEK,1
BWSSB,1
SOL,1
RERA,1
PLANA,1
GL,1
ODISHA,1
EME,1
PU,1
TKDU,1
MPC,1
JOSAA,1
SOLVED,1
BPSSC,1
DME,1
MAPS,1
PLOT,1
CSBC,1
CISR,1
GLBB,1
RAPD,1
SCE,1
COP,1
CLOCK,1
GSI,1
NTU,1
SACHIV,1
RRBs,1
MICAT,1
CODING,1
TREE,1
LTMPT,1
PSSSB,1
AOA,1
MO,1
SDA,1
FIRST,1
PSCJ,1
MUGHAL,1
USE,1
BS,1
ACs,1
DOUBTS,1
AUG,1
EMF,1
SHGs,1
WBC,1
RNAI,1
RBB,1
KONSEP,1
ARMY,1
LINER,1
GLB,1
SCARA,1
AOP,1
WBSC,1
RFP,1
UAN,1
HDL,1
ENEMs,1
GATT,1
PP,1
POWER,1
SIMPLE,1
BCE,1
UNION,1
SKILLS,1
UML,1
ERP,1
CODES,1
FULL,1
HETP,1
DOMAIN,1
S.H.M,1
MSQs,1
OMETS,1
WBTET,1
BOLTED,1
PRO,1
BTET,1
XIV,1
EASY,1
ASIA,1
OPEd,1
SBO,1
KUSHAN,1
ILGL,1
RP,1
RCEP,1
OR,1
AIRMEN,1
CRUD,1
MONERA,1
BOOK,1
MHRD,1
YTM,1
SUB,1
GPCS,1
ICC,1
VB,1
JTET,1
JS,1
SPJAIN,1
ENERGY,1
PLAN,1
BLDC,1
HELP,1
MR,1
PSBs,1
TATA,1
SFG,1
TAMIL,1
CQ,1
AWARDS,1
AWA,1
COR,1
JSCC,1
CSC,1
SOIL,1
HST,1
KOLOID,1
MODI,1
WML,1
ETL,1
AGES,1
TALATI,1
VIRAM,1
CHP,1
EXCISE,1
KBC,1
DOS,1
MCM,1
EPRG,1
SHUNGH,1
OFFICE,1
ARRAYS,1
PTAS,1
VTP,1
DySo,1
DIODE,1
CPR,1
CRR,1
NDC,1
SSc,1
U.S,1
FRM,1
LPC,1
WISE,1
HPS,1
MHS,1
NICL,1
PAKET,1
GDPI,1
NIO,1
SCR,1
PUDA,1
RVUNL,1
G.H,1
C.O.M,1
CFA,1
DIPP,1
DOF,1
OPTO,1
UPSI,1
PCM,1
EX,1
GAMES,1
BASED,1
CLERKS,1
SSSC,1
IFOS,1
AIIMs,1
JJ,1
SMOR,1
CWG,1
TPBI,1
CUBE,1
DPP,1
FEM,1
MAX,1
NO,1
GBO,1
FOOD,1
EWAY,1
AKAR,1
JPA,1
SLR,1
XXII,1
RDB,1
BOON,1
LDE,1
CATIA,1
TETS,1
MCI,1
NER,1
WEBER,1
FSK,1
SAYYAD,1
IND,1
SCORE,1
GUPTA,1
CFL,1
PTE,1
KAAFI,1
QP,1
JADWAL,1
BINARY,1
LOGICS,1
McQ,1
FETs,1
BEST,1
ASRB,1
LOSS,1
REAL,1
NC,1
EIS,1
PIPE,1
MSI,1
NCLAT,1
GLC,1
SEM,1
TSPC,1
A.I,1
DEIEd,1
READ,1
TAG,1
SSG,1
CRPC,1
H.A.S,1
JSM,1
SPEECH,1
DSLR,1
TdS,1
HUKUM,1
OSSC,1
IMCQ,1
GEARS,1
STUDY,1
LVL,1
CWSN,1
VAT,1
SSBs,1
EVMs,1
ONLY,1
APRIL,1
PLANT,1
NDMA,1
NFP,1
UNO,1
GTO,1
EAFM,1
REDO,1
MRNA,1
ABIS,1
O.P,1
LODHI,1
SHEET,1
PSLV,1
ROOT,1
ALGAS,1
CF,1
QPA,1
ICAI,1
UAS,1
RLY,1
IOS,1
NIEO,1
DESIGN,1
LINE,1
QUIZ,1
GRP,1
ICOR,1
TKA,1
PGI,1
KSET,1
EBIT,1
XXI,1
MUNDO,1
WRITS,1
LEAD,1
WREN,1
GSEB,1
LDA,1
UKSSC,1
JIRA,1
IDAI,1
PDF,1
HINDI,1
IPO,1
UDHR,1
GVA,1
XY,1
MoEF,1
PTU,1
TOI,1
PHOTON,1
MOT,1
METHOD,1
NoSQL,1
BLACK,1
RAIL,1
GoI,1
GEF,1
SMO,1
CGI,1
W.B.C.S,1
FiFa,1
LSRW,1
MFs,1
IoT,1
OM,1
MIT,1
BIPAN,1
CHS,1
JDBC,1
NA,1
CBI,1
VERB,1
EPS,1
AOI,1
FB,1
RNAs,1
STENO,1
MST,1
OTET,1
TRICK,1
CP,1
D.P.S.P,1
GGL,1
FIJ,1
PQRS,1
VHDL,1
DRIVE,1
MSME,1
UPSSC,1
RG,1
TFO,1
VISION,1
TOPIC,1
STYLE,1
LAND,1
KCC,1
MENDEL,1
OTA,1
ODTET,1
IITs,1
YOU,1
NKRI,1
OTHERS,1
GWPI,1
SUKSES,1
ISSCS,1
ICMR,1
HAIN,1
HQ,1
CEMENT,1
VARS,1
ZPF,1
MASTER,1
UPI,1
PPO,1
STD,1
TA,1
IGNOU,1
MAPs,1
MARTIN,1
RMO,1
NE,1
UPPER,1
MAURYA,1
SOG,1
A.M,1
MONEY,1
SIDBI,1
CGPA,1
RRC,1
RISC,1
APO,1
OUR,1
RRD,1
POV,1
ICSC,1
IO,1
SPEED,1
OUT,1
WWW,1
AKHIR,1
LIME,1
DA,1
ENT,1
RLC,1
CPOSI,1
UPCS,1
INA,1
LIFT,1
IEO,1
IIIT,1
IDIOMS,1
PnC,1
LIST,1
ECG,1
ART,1
NBFC,1
PVT,1
PPP,1
R.H,1
POS,1
ANOVA,1
MATTER,1
VIP,1
CRZ,1
ODIA,1
MONTH,1
ALPT,1
ILI,1
XL,1
PMO,1
ACE,1
BST,1
InAS,1
U.T,1
IBACIO,1
PAGE,1
SAIL,1
G.D,1
FMGE,1
UM,1
BIMBRA,1
N.D.A,1
IPMAT,1
MIS,1
ID,1
IBPO,1
JHT,1
HDLC,1
XX,1
NIA,1
IMT,1
NHB,1
INM,1
HPSSSB,1
SECRET,1
ICTS,1
EASILY,1
EEE,1
USBN,1
SQUARE,1
CPNS,1
SOA,1
JIGS,1
UK,1
INSEAD,1
V.D.O,1
BABAT,1
BAHASA,1
LS,1
CASE,1
MUV,1
IPU,1
PES,1
VOC,1
VIRUS,1
WCD,1
CHSl,1
H.G,1
PAST,1
POLAR,1
PAC,1
OLTP,1
QR,1
RNTCP,1
ICE,1
G.C,1
NEWTON,1
COCOMO,1
QUANT,1
TC,1
XBRL,1
UA,1
STP,1
CSOR,1
WORD,1
ITF,1
ASI,1
SIFAT,1
WEF,1
SOCIAL,1
TDS,1
AA,1
OT,1
PRIs,1
FBM,1
SOURCE,1
COURTS,1
HAM,1
OECD,1
CGLS,1
OBC,1
PERL,1
WAVES,1
DRR,1
JF,1
PHA,1
NHRC,1
RPSE,1
SRCC,1
PIL,1
HNBGU,1
CAMs,1
ICICI,1
DFCCIL,1
NLM,1
SANDHI,1
PYTHON,1
KMPs,1
YOJANA,1
SSCJE,1
MODELO,1
D.I,1
HOT,1
UI,1
SLAM,1
SRS,1
ATC,1
AUDIT,1
CHAIN,1
TEM,1
BOP,1
IFC,1
INGLES,1
STDs,1
CBD,1
RI,1
WSM,1
SFEE,1
