Last Name,Similar Last Names
KUMAR ROY,Kumar Rai,Kumar Ray
gora,gour,gaur,GAUR,Gaur,GOUR,GURU,Gour,Gore
Lathi,Lathia
Choudhry,chaudhry,Chaudhry
mh,M
Kanodia,kindo,Kundu,kanodia,Kandoi
priya,PRIYA,Priya
sandhu,Sandhu,SINDHI
Kumar Pathak,kumar pathak
Suheb,Sahab
SACHAN,Sachan,sachan,SACHIN
Sagar,sagar,SAGAR,saguru
Babani,Biban,Bubna,Boben
RATHEE,Ruth,rathi,Rathee,Rathi,Rath
K K,K k
Pachauri,Pachar,PACHAR
Singh Chauhan,Singh Chouhan
Patidar,patidar,PATIDAR
mahajan,Mahajan
Nath,NATH,nath
kumar maurya,Kumar Maurya
Choubey,Chaubey,Chaubay,choubey
Bisht,bisht
Mann,maan,meena,Mani,Maan,MANI,MEENA,Meena,Mane,Man
Keshav,kashive
Jana,John,jain,jena,Jain,Jani,Jena,JAIN
Taneja,taneja
Ttanwar,Tanwar,tanwar
Joy,Jee
shree,Shri,Shree
Kelkar,Kolkar,Kalikeri,KOLEKAR,Kolekar
SARITA,Sorout,sorout
kumari,kamar,Kumari,Kumar,KUMAR,kumar
Kumar Gautam,kumar gautam
Mohile,mahala,Mahala
Jaggi,Jogi
GUPTA,Gupta,gupta
TREE,Tr
Naga,Nag
kumar mishra,kumar Mishra,Kumar Mishra,KUMAR MISHRA
Deva,Dev,Dave,devi,Devi,DEVI
Kalonia,Kahlon,Kalani
Risham,Reshmaa
Sethi,Seth,sethi
Yadava,Yadav,yadav,YADAV
Bairwa,bairwa
DIAS,Das,Dass,DAS,das
Gahlot,Gulati
Saxena,saxena,SAXENA,saxeena
sir,Suri,Sir,Sur,Sri
jonwal,Jonwal
pratap,Pratap
chandra,Chander,Chandra
tripathi,Tripathi,TRIPATHI
SK,Sk,sk
Thakur,thakur,Thakker,Thakkar,Thakore,Thakare,THAKUR
NAGAR,nagar,Nagar
karare,Kirar
Kirar,karare
Gorey,garrey
Kalore,kolluru,kalra,kularia,Kalra
Mudgal,mudgal
dattu,Datta,DATTA,Dutt,Dutta,Datt
Bhagat,BHAGAT,bhagat
Rajveer,Rajvir
Nagaraj,NAGARAJU,Nagaraja
Maheshwari,maheshwari
Vijay,vijay
KR,kr,Kore,Kr,kori,Kar,Kaur,KAUR,Kori,kaur
Pj,PJ
Seth,Sethi,sethi
Katiyar,katiyar
kureel,kurele
kumar Pandey,KUMAR PANDEY,kumar pandey,Kumar Pandey
Imam,imam
KODELA,kudale
Sekar,Sekra,sekra
jangir,JANGIR,Jangir
SUNDAR,Sundar,Sunder
Sabu,Saboo
SOUDI,Siddu,Sd,Sud,Sood
pareek,Pareek
DWIVEDI,Dwivedi,dwivedi
Baid,baid,Bedi,Boudh,bedi
Chandna,Chandana,Chandani,chandan
Nayyar,Nayar
Singhal,singhal
Sachan,SACHAN,sachan,SACHIN
Khanna,KHAN,Khan,khan,kheni
LAL,LILA,lala,Lal,lal,Lali
Kulakarni,kulkarni,Kulkarni
anamsha,Animesh
Mistrey,Mistry
Raju,Raj,RAJ,raj,Raja
Dhar,Dhir,Dharia
Sikarwar,sikarwar,SIKARWAR
chakraborty,Chakrabarty,CHAKRABORTY,Chakraborty
Datta,dattu,DATTA,Dutt,Dutta,Datt
Rasheed,Rashid
Sha,Sh,Shah,shah
Dev,Deva,Dave,devi,Devi,DEVI
kumar dubey,Kumar Dubey,Kumar Deb
NS,Naaz,naz
Chourasiya,chaurasiya
Nehra,Nehraa,Nair,Noori
Mullick,Mallik,Malik,malik,MALIK,Mallick,MALUKA
BAJPAI,bajpai,Bajpai
Thota,Thote
Borse,barse
Thote,Thota
Ramachandran,ramachandran
Dubey,dubey,DUBEY
Mallik,Mullick,Malik,malik,MALIK,Mallick,MALUKA
Chutia,Chotia
Moideen,madan,Madaan,Madan
Rashid,Rasheed
Suri,sir,Sir,Sur,Sri
katiyar,Katiyar
mittal,Mittal,Mitali
patul,Patle,Patil,patel,PATEL,Patel,patil
chowdhury,Chowdhury,Chowdhary,chowdhary
Kumar jha,Kumar Jha,kumar jha,Kumari Jha
syed,Syed
KHAN,Khanna,Khan,khan,kheni
Rastogi,rastogi
bose,Bose,Basu,basa,BASU
baid,Baid,Bedi,Boudh,bedi
VARSHNEY,Varshnay,Varshney,varshney
Rehal,Rohilla,RUHELA,Rahul
kumar gautam,Kumar Gautam
Khurana,khairrun,KHURANA
Patnaik,Pattnaik
bala,Bali,BEHL,Bahl,Bale,Bal,Bala,BALA,Behl
Kumar prajapat,kumar prajapat,Kumar Prajapati
Sheoran,Sharan,Shirin
Kumar Tiwari,kumar tiwari
joshi,Joshi,JOSHI
rana,Rani,rani,Raina,RANI,Rana
Bansal,bansal
Tawre,Toor,Tarei,Tora
KUMAR KORI,KUMAR GAUR
Baira,bora,Boora,Bohra,Bora,beri,Barui,Barai
Das,DIAS,Dass,DAS,das
Kumar Verma,KUMAR VERMA
saifi,Sofia,Saifi
Mathur,mathur
Mukherjee,MUKHERJEE,mukherjee
bhadauria,Bhadouria,Bhadra,Bhadoria,Bhadauria
Hussain,HOSSAIN,Hossain,HUSSAIN,hussain,Hasan,hasan,Hassan
Solanke,Solanki,solanki
Suraj,Siraj,saroj
Rahman,rehman,raman,Rohman,Rahmani,Rehman
DATTA,dattu,Datta,Dutt,Dutta,Datt
SAINI,sen,Soni,Sonu,Sen,SONI,Sahni,soni,Saini,sahni,saini,sain
Gopal,Gopale
KUMAR PANDEY,kumar Pandey,kumar pandey,Kumar Pandey
Vohra,vohra,Veer,Vora,veer
Dutt,dattu,Datta,DATTA,Dutta,Datt
Goel,goel,Gulia,Gali,Gole,Goli
Dhingra,dhingra,DHINGRA,Dhangar
pal,PAUL,Pal,Paul
Malani,Mulani
bandaru,bondre,Baindara
GARG,garg,Garg
Bhattacharya,Bhattacharyya
Raj,Raju,RAJ,raj,Raja
Majumdar,Majumder
k,K
kale,Kaul,Kohli,kolli,Kale,Kalia,Kolli
Yadav,Yadava,yadav,YADAV
maan,Mann,meena,Mani,Maan,MANI,MEENA,Meena,Mane,Man
Gandhi,gandhi
Nayak,NAYAK,nayak
Singh Jadaun,Singh Jadon
Karak,KARKI
Karwasra,Karwasara
Chaulia,Chawla,Challa
Chirania,charan,Charan
Tripathi,tripathi,TRIPATHI
SINGH RANA,Singh Rana
Chandana,Chandna,Chandani,chandan
Modi,Mohd,Mehdi,Md
gour,gora,gaur,GAUR,Gaur,GOUR,GURU,Gour,Gore
SINHA,Sinha,sinha
Kv,Kavia,KV
Peer,Puri,PURI,PR,Pour
Suman,Somani
KRISHNA,Krshnaa,Krishana,Krishna,Krishan,krishna
RAO,rao,rai,RAI,R,Rai,Rao
Fatima,FATEMA
Kawre,Kore,kori,Kar,Kaur,KAUR,Kori,KEHRI,kaur
Gajera,gajjar,Gujjar
Jawed,Jawaid
SHANDILYA,Shandilya
varun,Varun,Virani
Giri,Gera,GIRI,giri
Sundar,SUNDAR,Sunder
ghosh,GHOSH,Ghosh
Khari,Khare,khare,Khera
Bonde,Bandi
Siddu,SOUDI,Sud,Sood
bhoj,Bhoj
NIGAM,Nigam,nigam
shrivastava,Shrivastav,Shrivastava
BHOR,bhaira,Bhure
rathor,Rathaur,Rathore,rathour,Rathour,Rathor,RATHORE,rathore,rathaur
batra,Batra
S,Sah,s,sah,sa,Sai
Sultana,Sultan
Khandelwal,khandelwal,KHANDELWAL
Awasthi,awasthi
Sorout,SARITA,sorout
sudha,sodha,Sidhu
sen,SAINI,Soni,Sonu,Sen,SONI,Sahni,soni,Saini,sahni,saini,sain
Rawat,RAWAT,rawat
lohia,Lohia
Saloni,Solan
Chhoker,Chhikara,Chhokra
Purohit,PUROHIT
Dave,Deva,Dev,devi,Devi,DEVI
Mangla,Mangal
Rathaur,rathor,Rathore,rathour,Rathour,Rathor,RATHORE,rathore,rathaur
Rani,rana,rani,Raina,RANI,Rana
Sansaniwal,SanSaniwal
Matani,Mehtani
Pratik,Prateek
Varun,varun,Virani
DANGAR,dongare
Nanda,Nandi
shakya,Shakya
VR,Veer,Vora,veer
kr,KR,Kore,Kr,kori,Kar,Kaur,KAUR,Kori,kaur
Purwal,porwal,Porwal
Somani,Suman
Mahore,Mahaur,meher
Quamar,Qamar
Kumar Yadav,kumar yadav,Kumar  yadav
DHIMAN,dhiman,Dhiman
Rathore,rathor,Rathaur,rathour,Rathour,Rathor,RATHORE,rathore,rathaur
Gera,Giri,GIRI,giri
Topre,Tapare
Begum,BEGUM
Biban,Babani,Bubna,Boben
Patle,patul,Patil,patel,PATEL,Patel,patil
Romeo,Ram,RAM,ram
bondre,bandaru,Baindara
Redu,Rode
kamar,kumari,Kumari,Kumar,KUMAR,kumar
Mundra,Mandre,Mundhra
Parasher,prashar,Parashar,PARASHRI,parashar,PARASHAR,Parashari
MUKHERJEE,Mukherjee,mukherjee
Karn,Karna,Karan,KIRAN
S G,S K
maurya,Mourya,mourya,Maurya,Mariya
Patil,patul,Patle,patel,PATEL,Patel,patil
Chhikara,Chhoker,Chhokra
Dagur,Dagar,Dogra
Kumar Agarwal,Kumar Agrawal,Kumar Aggarwal
Bhattacharyya,Bhattacharya
Bhandari,Bhinder,Bhandare
kumar tiwari,Kumar Tiwari
Naaz,NS,naz
Mourya,maurya,mourya,Maurya,Mariya
Pathania,Pathan
Bhutani,bhutani
Sarraf,SARAF,sarraff,Saraf
Agarwala,Aggarwal,Agrwal,Agarwal,aggarwal,AGARWAL,agarwal
Jitani,Jatain
Khare,Khari,khare,Khera
parihari,Parihar,Parihari
ATUL,Ataullah,Atal
Ali,Alli
meena,Mann,maan,Mani,Maan,MANI,MEENA,Meena,Mane,Man
Chhokra,Chhoker,Chhikara
Kumawat,kumawat
kurele,kureel
Methi,Muth,Metha
LA,L,Lee
RAWAT,Rawat,rawat
Mehto,Mohta,Mahto,MEHTA,mehto,Matta,Mehta,mehta
NATH,Nath,nath
Khanum,Khanam
gaur,gora,gour,GAUR,Gaur,GOUR,GURU,Gour,Gore
anjali,Anjali
Deopa,dip,deepi
Reis,Ras,Ross
Mani,Mann,maan,meena,Maan,MANI,MEENA,Meena,Mane,Man
CHOURASIA,Chaurasia,Chourasia
Bose,bose,Basu,basa,BASU
Maan,Mann,maan,meena,Mani,MANI,MEENA,Meena,Mane,Man
J,Jai,Ji,Jee
ACADEMY,Academy
uttam,Uttam
Saran,Sareen,saran,Surana
Pk,pk
bajpai,BAJPAI,Bajpai
Rajan,Rajani
Benji,Binju
porwal,Purwal,Porwal
heda,hada,Hada,Huda
KATHURIA,Kothari,Kathuria
Alam,Allam
Dhama,dhamu,dhami
sehgal,Sehgal
Sahani,Suhania
dawra,Dar,Durai,Deora
Kumar Karn,kumar karna
pk,Pk
baghel,Baghel,BAGHELE,BAGHEL
Remesh,Ramesh
Narula,Nirala,nirali,Nirali,narula
Khan,Khanna,KHAN,khan,kheni
bharti,Bharati,Bharat,Bharti
Firdaus,firdaus
nahar,Nahar
BHAGAT,Bhagat,bhagat
Pant,pant
PANDEY,Pandey,pandey,Panday
vaishya,Vaishya
Bali,bala,BEHL,Bahl,Bale,Bal,Bala,BALA,Behl
GUDDU,Gade
sheikh,Sheikh,Shaikh
kushawaha,Kushawaha,Kushwaha,kushwaha
Raturi,Ratra
rao,RAO,rai,RAI,R,Rai,Rao
Sachdev,sachdeva,Sachdeva
Katare,Kataria
Basu,bose,Bose,basa,BASU
GOND,Gandi,Gondi
Virani,varun,Varun
buchcha,Buchcha
Tivari,tivari
Sengal,SINGLA,Sangole,Singal,Singla
Bhinder,Bhandari,Bhandare
HOSSAIN,Hussain,Hossain,HUSSAIN,hussain,Hasan,hasan,Hassan
jyani,Jayani
more,More,Moura,MARU,mehra,Mor,Mir,Mehra
Ojha,ojha
shankar,Shankar,SHANKAR
sankar,Sonkar,Sonker,sunkara,Sankari
Mohd,Modi,Mehdi
Kazim,Kazmi,KAZMI
Bhadouria,bhadauria,Bhadra,Bhadoria,Bhadauria
Chandani,Chandna,Chandana,chandan
dixit,Dixit
Hossain,Hussain,HOSSAIN,HUSSAIN,hussain,Hasan,hasan,Hassan
SHARMA,sharma,Sharma
Balodia,Balodi
Kore,KR,Kawre,kr,Kr,kori,Kar,Kaur,KAUR,Kori,KEHRI,kaur
pant,Pant
Mahaur,Mahore,meher
Anjali,anjali
RAY,Ray,Roy,ROY,roy
Rajpoot,Rajput,RAJPUT
Sumanto,Samanta
PRAJAPATI,prajapati,prajapat,Prajapati
Kolkar,Kelkar,Kalikeri,KOLEKAR,Kolekar
Bhalla,bhole
kumar jain,Kumar Jain
bora,Baira,Boora,Bohra,Bora,beri,Barui,Barai
Guild,GUILD
Mahapatra,mahapatra,MOHAPATRA,Mohapatra
Parihar,parihari,Parihari
Solanki,Solanke,solanki
dubey,Dubey,DUBEY
goel,Goel,Gulia,Gali,Gole,Goli
seikh,Sakh
NAYAK,Nayak,nayak
Nazir,NASIR
Jolly,jolly
Gautam,Gauttam,gautam,GAUTAM
Gunaki,Goenka
khandelwal,Khandelwal,KHANDELWAL
Aggarwal,Agarwala,Agarwal,aggarwal,AGARWAL,agarwal
Bhadra,bhadauria,Bhadouria,Bhadoria,Bhadauria
Bist,Basta,Basit
thakur,Thakur,Thakker,Thakkar,Thakore,Thakare,THAKUR
Bhadoria,bhadauria,Bhadouria,Bhadra,Bhadauria
Prasad,PRASAD,prasad
Sadana,SADANA
Dey,dey
Dalal,dalal
BHATTACHARJEE,Bhattacharjee
rathour,rathor,Rathaur,Rathore,Rathour,Rathor,RATHORE,rathore,rathaur
Alli,Ali
Boral,Birla
Qamar,Quamar
Menon,MENON,menon
Samanta,Sumanto
bhadoriya,Bhadoriya,Bhadouriya,Bhadauriya
Gulati,Gahlot
Panth,Punetha
Narayana,Narayan
Khanam,Khanum
SILVA,Silva
Khandelia,khandelia
kumar sharma,Kumar Sharma,KUMAR SHARMA,Kumar sharma
Mohan,mohan,Mohane,MOHAN
Kumar Nirala,KUMAR NIRALA
lambu,Loomba,lamba,Lamba
Dhankhar,Dhankher
Negi,negi,Nagi
Mohammed,Muhammed,Mohammad,Mohamed
Sah,S,s,sah,sa,Sai
Gulia,Goel,goel,Gali,Gole,Goli
Kr,KR,kr,Kore,kori,Kar,Kaur,KAUR,Kori,kaur
Solan,Saloni
Tr,TREE,Toor,Tarei,Tora
MENON,Menon,menon
Nirala,Narula,nirali,Nirali,narula
kashive,Keshav
Kumar Jha,Kumar jha,kumar jha,Kumari Jha
dalal,Dalal
prashar,Parasher,Parashar,parashar,PARASHAR,Parashari
Anant,Anand,anand,ANAND
shanker soni,Shankar Soni
Banerjee,benerji
Sanke,sunku
Pathak,PATHAK,pathak
GHOSH,ghosh,Ghosh
Tiwary,Tewary,TEWARY
Punia,Poonia,punia
Parimala,Parimal
ojha,Ojha
Sree,Sri
Bedi,Baid,baid,Boudh,bedi
Poddar,Podder
Bhatt,bhatt,Bhati,bhat,Bhat
Gopan,gopani
kindo,Kanodia,Kundu,kanodia,Kandoi
Nain,nain
Nasim,Naseem
Hashmi,Hashim
Mohanta,mahanta,Mahanta
kanojia,Kanoujia
rehman,Rahman,raman,Rohman,Rahmani,Rehman
NAGARAJU,Nagaraj,Nagaraja
kolluru,Kalore,kularia
Rohilla,Rehal,RUHELA,Rahul
KUSHWAH,Kushwah,kushwah
PA,Pou,P,p
KUMAR BHARTI,kumar bharti
BOTHRA,Bothara,Bothra
Lathia,Lathi
patel,patul,Patle,Patil,PATEL,Patel,patil
Vidyarthi,vidyarthi
Sutaria,Sattar
prakash sharma,Prakash Sharma
Rathour,rathor,Rathaur,Rathore,rathour,Rathor,RATHORE,rathore,rathaur
Krshnaa,KRISHNA,Krishna,krishna
PARVEEN,parveen,Parveen
Badru,BADAR,badar
Kumar Shukla,kumar shukla
Mannar,Menaria
Bubna,Babani,Biban,Boben
PATEL,patul,Patle,Patil,patel,Patel,patil
beniwal,baniwal,Beniwal
De,Dua,d,D
LILA,LAL,lala,Lal,lal,Lali
Rathor,rathor,Rathaur,Rathore,rathour,Rathour,RATHORE,rathore,rathaur
Ruth,RATHEE,rathi,Rathee,Rathi,Rath
Agrwal,Agarwala,Agarwal,agrawal,AGARWAL,agarwal,Agrawal
Ashia,Ash,Ashu
Choudhury,choudhary,chaudhury,Chaudhary,chaudhary,CHAUDHARY,Choudhary
Sonkar,sankar,Sonker,sunkara,Sankari
Sh,Sha,Shah,shah
Bhadoriya,bhadoriya,Bhadouriya,Bhadauriya
TIWARI,Tiwari,Tewari,tiwari
dey,Dey
Gali,Goel,goel,Gulia,Gole,Goli
Sheikh,sheikh,Shaikh
arora,Arora,ArorA
Kaul,kale,Kohli,kolli,Kale,Kalia,Kolli
prakash,Prakash
Sehgal,sehgal
Harini,Hirani
Karna,Karn,Karan,KIRAN
kumar Mishra,kumar mishra,Kumar Mishra,KUMAR MISHRA
murugan,Maragoni
Rajvir,Rajveer
Mankar,Manekar
Roshni,Roshan
Gangwar,GANGWAR,gangwar
Puri,Peer,PURI,PR,Pour
Pujani,Pujan
garg,GARG,Garg
R D,RAO D
Middha,middha,Midha,Madhu
Kohli,kale,Kaul,kolli,Kale,Kalia,Kolli
shekhar,Shikhar,Shekhar
bhatt,Bhatt,Bhati,bhat,Bhat
Jayani,jyani
S K,S G
raman,Rahman,rehman,Rohman,Rahmani,Rehman
yadav,Yadava,Yadav,YADAV
rai,RAO,rao,RAI,R,Rai,Rao
SARAF,Sarraf,sarraff,Saraf
Shekhawat,shekhawat
Raj Singh,Raj Soni
shukla,Shukla,SHUKLA
sagar,Sagar,SAGAR,saguru
Garg,GARG,garg
SATAPATHY,Satapathy
panchal,Panchal
Kumari,kumari,kamar,Kumar,KUMAR,kumar
Arora,arora,ArorA
Bharati,bharti,Bharat,Bharti
vashishtha,Vashishtha
REDDY,Reddy,reddy
Sofia,saifi,Saifi
Talera,Tailor,tuluri
Chand,Chanda
Muth,Methi,Metha
bhatia,Bhatia,Bhutia
Shahade,Shahid,Shahidi
Mittal,mittal,Mitali
Soni,SAINI,sen,Sonu,Sen,SONI,Sahni,soni,Saini,sahni,saini,sain
Putri,Peter
chaturvedi,Chaturvedi,CHATURVEDI
Pandoh,Pande,Panda,pande
upadhyay,UPADHYAY,Upadhyay
DUBEY,Dubey,dubey
Joshi,joshi,JOSHI
Vats,vats,Vatsa
Sonu,SAINI,sen,Soni,Sen,SONI,Sahni,soni,Saini,sahni,saini,sain
Poonia,Punia,punia
kalra,Kalore,kularia,Kalra
Vinay,Vinny
Ingole,Ingle
Ashish,ASHISH
Boora,Baira,bora,Bohra,Bora,beri,Barui,Barai
Chaturvedi,chaturvedi,CHATURVEDI
mahapatra,Mahapatra,MOHAPATRA,Mohapatra
Bhushan,BHUSHAN
Kumar Maurya,kumar maurya
Vinny,Vinay
Ras,Reis,Ross
vyas,Vyas
Anujan,anjani
Nahar,nahar
Ram,Romeo,RAM,ram
Ash,Ashia,Ashu
BEHL,bala,Bali,Bahl,Bale,Bal,Bala,BALA,Behl
Lohia,lohia
kapila,Kapila,Kuppili,Kapile,Kapil
punia,Punia,Poonia
Birhmaan,Barman
vohra,Vohra,Veer,Vora,veer
Bagla,bagle
PURI,Peer,Puri,PR,Pour
Narayan,Narayana
arya,Arya
kori,KR,Kawre,kr,Kore,Kr,Kar,Kaur,KAUR,Kori,KEHRI,kaur
Pou,PA,P,p
Sisodia,sisodia
Babel,BABAL
Sawarn,SAWARN
khokhar,Khokhar
kumar s,Kumar S
dhiman,DHIMAN,Dhiman
Sd,SOUDI,Sud,Sood
L,LA,Lee
saha,Sahu,sahu,SAHU,SAHA,Saha,Sahoo
Handoo,Hande
SINGLA,Sengal,Sangole,Singal,Singla
Venkitesh,Venkatesh
Ghazal,Ghosal
chopra,Chopra
PAUL,pal,Pal,Paul
ahmed,Ahmed,Ahmad,ahmad,AHMAD
Dangi,Dange,dangi
Uttam,uttam
Sravani,Sravan,Saravana
Sonker,sankar,Sonkar,sunkara,Sankari
Sk,SK,sk
Dandekar,Dendukuri,Dindekar
kumar saini,Kumar Sen,Kumar Saini,Kumar Soni
patidar,Patidar,PATIDAR
hada,heda,Hada,Huda
Chatterjee,chatterjee
sikarwar,Sikarwar,SIKARWAR
chhillar,Chhillar
Samota,Smita
Zade,ZAIDI,Zaidi
Gupta,GUPTA,gupta
PRASAD,Prasad,prasad
Hada,heda,hada,Huda
Live,Leuva,Lav
Rajesh,RAJESH
Bagad,Bagade
Naseem,Nasim
Jai,J,Ji,Jee
Thakker,Thakur,thakur,Thakkar,Thakore,Thakare,THAKUR
Kushawaha,kushawaha,Kushwaha,kushwaha
chaurasiya,Chourasiya
Dange,Dangi,dangi
Kumar Patel,Kumar patel
Sud,SOUDI,Siddu,Sd,Sood
sachdeva,Sachdev,Sachdeva
MOHANAN,Mohanan
Patani,Patni
dhakar,DHAKAR
goswami,Goswami,GOSWAMI
Babu,babu,BABU
benerji,Banerjee
Bhatia,bhatia,Bhutia
Vishwakarma,vishwakarma
Chhillar,chhillar
Nayar,Nayyar
kolli,kale,Kaul,Kohli,Kale,Kalia,Kolli
Mendiratta,Mehndiratta
Narang,narang
chatterjee,Chatterjee
Singh Chouhan,Singh Chauhan
Chandola,Chandela,Chandel
Gourav,gaurav,Gaurav,GAURAV
Jha,jha
GANGWAR,Gangwar,gangwar
Mehtani,Matani
devi,Deva,Dev,Dave,Devi,DEVI
Loomba,lambu,lamba,Lamba
KHATRI,Khatri
Umar,Umira
parveen,PARVEEN,Parveen
bhutani,Bhutani
kaushal,koshal,Kaushal
Panchal,panchal
Pareek,pareek
YADAV,Yadava,Yadav,yadav
Ahmed,ahmed,Ahmad,ahmad,AHMAD
Bhoj,bhoj
Peter,Putri
PONNADA,Ponnada
Kadam,kadam
HOTA,Hatti
Goenka,Gunaki
KUMAR NIRALA,Kumar Nirala
dip,Deopa,deepi
Bajwa,bajwa
Dasani,Dasan,Dusane
Gurjar,GURJAR
Bahl,bala,Bali,BEHL,Bale,Bal,Bala,BALA,Behl
Kumar Dubey,kumar dubey,Kumar Deb
jadhav,Jadhava,Jadhav
Dall,Delu,dolia,Dalai,Deol
Karan,Karn,Karna,KIRAN
Lakhotia,lakhotia
Pachar,Pachauri,PACHAR
Chouhan,CHAUHAN,chouhan,Chauhan,chauhan
TRIPATHI,tripathi,Tripathi
MANI,Mann,maan,meena,Mani,Maan,MEENA,Meena,Mane,Man
More,more,Moura,MARU,mehra,Mor,Mir,Mehra
SINGH RATHORE,Singh Rathore
Sir,sir,Suri,Sur,Sri
Ray,RAY,Roy,ROY,roy
rajaram,Rajaram
Thukral,Thakral
Nagaraja,Nagaraj,NAGARAJU
ahlawat,Ahlawat
SAWARN,Sawarn
Kale,kale,Kaul,Kohli,kolli,Kalia,Kolli
Muhammed,Mohammed,Mohammad,Mohamed
Oliver,Oliveira
bhaira,BHOR,Bhure
Bhasin,bhasin
Kamal,Komal,Komali
Basta,Bist,Basit
Kagdi,Kagde,Kogade
Ahlawat,ahlawat
Sen,SAINI,sen,Soni,Sonu,SONI,Sahni,soni,Saini,sahni,saini,sain
Metha,Methi,Muth
Pande,Pandoh,Panda,pande
s,S,Sah,sah,sa,Sai
rawal,Rawal
Chakrabarty,chakraborty,CHAKRABORTY,Chakraborty
ranjan,RANJAN,Ranjan
Tyagi,tyagi,TYAGI
naz,NS,Naaz
gopani,Gopan
Aran,Arun,Aureen
PR,Peer,Puri,PURI,Pour
Marumamula,marumamula
maheshwari,Maheshwari
Siddique,siddiqua,Siddiqui
GAUR,gora,gour,gaur,Gaur,GOUR,GURU,Gour,Gore
Chandela,Chandola,Chandel
choudhary,Choudhury,chaudhury,Chaudhary,chaudhary,CHAUDHARY,Choudhary
dhaka,Dhaka
Sahu,saha,sahu,SAHU,SAHA,Saha,Sahoo
charan,Chirania,Charan
singh,SINGH,Singh
basa,bose,Bose,Basu,BASU
bansal,Bansal
Varshnay,VARSHNEY,Varshney,varshney
Lahiri,Laheri
rathi,RATHEE,Ruth,Rathee,Rathi,Rath
CHAKRABORTY,chakraborty,Chakrabarty,Chakraborty
Gandi,GOND,Gondi
Mandre,Mundra,Mundhra
madan,Moideen,Madaan,Madan
Hatti,HOTA
khairrun,Khurana,KHURANA
RATHORE,rathor,Rathaur,Rathore,rathour,Rathour,Rathor,rathore,rathaur
Thakkar,Thakur,thakur,Thakker,Thakore,Thakare,THAKUR
Parimal,Parimala
ansar,Ansari,Ansar
Bathla,BATHULA
vishwakarma,Vishwakarma
bhole,Bhalla
kumar singh,Kumar Singh,KUMAR SINGH,Kumar singh
Raag,Ragu
BADAR,Badru,badar
Pattnaik,Patnaik
Hussain Qureshi,hussain qureshi
GIRI,Giri,Gera,giri
mahanta,Mohanta,Mahanta
Udani,UDDIN,Uddin
chaudhry,Choudhry,Chaudhry
P,PA,Pou,p
Chakravarty,Chakravorty
John,Jana,jain,jena,Jain,Jani,Jena,JAIN
Dagar,Dagur,Dogra
Bohra,Baira,bora,Boora,Bora,beri,Barui,Barai
Toor,Tawre,Tr,Tarei,Tora
nirali,Narula,Nirala,Nirali,narula
HUSSAIN,Hussain,HOSSAIN,Hossain,hussain,Hasan,hasan,Hassan
Dendukuri,Dandekar,Dindekar
Baranwal,Barnwal
Swarnkar,swarnkar
Bale,bala,Bali,BEHL,Bahl,Bal,Bala,BALA,Behl
Chanda,Chand
Kapila,kapila,Kuppili,Kapile,Kapil
Pujara,Pujari
Dindekar,Dandekar,Dendukuri
Chaurasia,CHOURASIA,Chourasia
Goyal,GOYAL,goyal
Gune,Guin
loganathan,Loganathan
Kalikeri,Kelkar,Kolkar,KOLEKAR,Kolekar
Huda,heda,hada,Hada
Moura,more,More,MARU,mehra,Mor,Mir,Mehra
Varshney,VARSHNEY,Varshnay,varshney
RASIK,Razak
Selvaraj,selvaraj
Kumar Mishra,kumar mishra,kumar Mishra,KUMAR MISHRA
Vashisath,Vashistha,Vashisth,vashisth
Mahindru,Mohindroo
Arun,Aran,Aureen
Sattar,Sutaria
SONI,SAINI,sen,Soni,Sonu,Sen,Sahni,soni,Saini,sahni,saini,sain
Suban,Subbian
Juneja,Joneja
Mohta,Mehto,Mahto,MEHTA,mehto,Matta,Mehta,mehta
Kumar Sharma,kumar sharma,KUMAR SHARMA,Kumar sharma
Ghosh,ghosh,GHOSH
Leuva,Live,Lav
Dhankher,Dhankhar
Majumder,Majumdar
sahu,saha,Sahu,SAHU,SAHA,Saha,Sahoo
KUMAR GUPTA,Kumar Gupta
DHAKAR,dhakar
kishore,Keshri,Kishore,kishor,Keshari,Kishor
Agarwal,Agarwala,Aggarwal,Agrwal,aggarwal,AGARWAL,agarwal
SAHU,saha,Sahu,sahu,SAHA,Saha,Sahoo
RAI,RAO,rao,rai,R,Rai,Rao
Hashim,Hashmi
Nehraa,Nehra,Nair,Noori
Sekra,Sekar,sekra
Kumar Rai,KUMAR ROY,Kumar Ray
Singha,Sanghi
Sandeep,SANDIP
palliwal,Paliwal
Buchcha,buchcha
aryan,Aryan
SAGAR,Sagar,sagar,saguru
Reddy,REDDY,reddy
kumar prajapat,Kumar prajapat,Kumar Prajapati
imam,Imam
Kavia,Kv,KV
Animesh,anamsha
KOLEKAR,Kelkar,Kolkar,Kalikeri,Kolekar
JOSHI,joshi,Joshi
Kahlon,Kalonia,Kalani
Dhir,Dhar,Dharia
Ingle,Ingole
hussain,Hussain,HOSSAIN,Hossain,HUSSAIN,Hasan,hasan,Hassan
khan,Khanna,KHAN,Khan,kheni
Saluja,Sailaja,saluja
R,RAO,rao,rai,RAI,Rai,Rao
Ahmad,ahmed,Ahmed,ahmad,AHMAD
Nigam,NIGAM,nigam
sharma,SHARMA,Sharma
Dholani,dhillon,Dhillon
Kahar,Kuhar
Zeeshan,Zishan
Pandey,PANDEY,pandey,Panday
dhamu,Dhama,dhami
Shikhar,shekhar,Shekhar
CHATURVEDI,chaturvedi,Chaturvedi
Pradhan,pradhan
negi,Negi,Nagi
aggarwal,Agarwala,Aggarwal,Agarwal,AGARWAL,agarwal
Lav,Live,Leuva
Mangal,Mangla
GOYAL,Goyal,goyal
Dua,De,d,D
Krishnan,krishnan
Kaurav,Kuruva
PATHAK,Pathak,pathak
rani,rana,Rani,Raina,RANI,Rana
Rawal,rawal
Sailaja,Saluja,saluja
Porwal,Purwal,porwal
Gondi,GOND,Gandi
tyagi,Tyagi,TYAGI
Kasyap,kasyap
chincholi,Chincholi,chanchal
Tanwar,Ttanwar,tanwar
Krishana,KRISHNA,Krishna,Krishan,krishna
faridi,Farid
Sinha,SINHA,sinha
Singh K,Singh G
Pandit,Pandita,pandit
Bora,Baira,bora,Boora,Bohra,beri,Barui,Barai
taneja,Taneja
ahuja,Ahuja
beri,Baira,bora,Boora,Bohra,Bora,Barui,Barai
JANGIR,jangir,Jangir
Bhowmik,Bhowmick
MEENA,Mann,maan,meena,Mani,Maan,MANI,Meena,Mane,Man
Chaubey,Choubey,Chaubay,choubey
Madaan,Moideen,madan,Madan
Meena,Mann,maan,meena,Mani,Maan,MANI,MEENA,Mane,Man
Vaishnavi,Vaishnav
Delu,Dall,dolia,Dalai,Deol
gajjar,Gajera,Gujjar
Quraishi,Qureshi
Thakore,Thakur,thakur,Thakker,Thakkar,Thakare,THAKUR
Umira,Umar
Naveen,Navin
Baghel,baghel,BAGHELE,BAGHEL
Roy,RAY,Ray,ROY,roy
jalan,Jalan
SINGH,singh,Singh
Nair,Nehra,Nehraa,Noori
RAJESH,Rajesh
Barui,Baira,bora,Boora,Bohra,Bora,beri,Barai
kumawat,Kumawat
rathore,rathor,Rathaur,Rathore,rathour,Rathour,Rathor,RATHORE,rathaur
Mohanan,MOHANAN
Ghei,ghai
VENKAT,Venkat,venkat
lala,LAL,LILA,Lal,lal,Lali
GURJAR,Gurjar
Kundaragi,kundaragi
Gujjar,Gajera,gajjar
sah,S,Sah,s,sa,Sai
BISWAS,Biswas
KHANDELWAL,Khandelwal,khandelwal
Vaswani,Viswan
jain,Jana,John,jena,Jain,Jani,Jena,JAIN
Sakh,seikh
gupta,GUPTA,Gupta
Rajput,Rajpoot,RAJPUT
Rajani,Rajan
firdaus,Firdaus
kumar shukla,Kumar Shukla
ZAIDI,Zade,Zaidi
mahala,Mohile,Mahala
Sandhu,sandhu,SINDHI
ahmad,ahmed,Ahmed,Ahmad,AHMAD
Mistry,Mistrey
agrawal,Agrwal,Aggrawal,Agrawal
sunkara,sankar,Sonkar,Sonker,Sankari
Sur,sir,Suri,Sir,Sri
Hasan,Hussain,HOSSAIN,Hossain,HUSSAIN,hussain,hasan,Hassan
Singh Jadon,Singh Jadaun
Sharma,SHARMA,sharma
Bhure,BHOR,bhaira
SANDIP,Sandeep
Bhadouriya,bhadoriya,Bhadoriya,Bhadauriya
RANJAN,ranjan,Ranjan
Mulani,Malani
Pamnani,pamnani
Mondal,Mandloi,MANDAL,Mandal
BHARDWAJ,bhardwaj,Bhardwaj
Noori,Nehra,Nehraa,Nair
siddiqua,Siddique,Siddiqui
Bhaskara,Bhaskar
Mahala,Mohile,mahala
sk,SK,Sk
gaurav,Gourav,Gaurav,GAURAV
Misra,Misri
Kar,KR,Kawre,kr,Kore,Kr,kori,Kaur,KAUR,Kori,KEHRI,kaur
Boben,Babani,Biban,Bubna
Dar,dawra,Durai,Deora
Chowdhury,chowdhury,Chowdhary,chowdhary
chayal,Chayal
KHODRE,Khader
Shahid,Shahade,Shahidi
selvaraj,Selvaraj
Aryan,aryan
Kumar Prajapati,Kumar prajapat,kumar prajapat
Panda,Pandoh,Pande,pande
Razak,RASIK
Kazmi,Kazim,KAZMI
BAGHELE,baghel,Baghel,BAGHEL
bhardwaj,BHARDWAJ,Bhardwaj
Raj Soni,Raj Singh
jha,Jha
Parashar,Parasher,prashar,PARASHRI,parashar,PARASHAR,Parashari
mudgal,Mudgal
chaudhury,Choudhury,choudhary,Chaudhary,chaudhary,CHAUDHARY,Choudhary
mishra,Mishra,MISHRA
Bhutia,bhatia,Bhatia
Patel,patul,Patle,Patil,patel,PATEL,patil
danish,Dinesh,Danish
Bhadauria,bhadauria,Bhadouria,Bhadra,Bhadoria
Ansari,ansar,Ansar
Pratap Singh,pratap singh,Pratap singh,pratap Singh
Tarei,Tawre,Tr,Toor,Tora
Lal,LAL,LILA,lala,lal,Lali
shekhawat,Shekhawat
GUILD,Guild
Kaur,KR,Kawre,kr,Kore,Kr,kori,Kar,KAUR,Kori,KEHRI,kaur
vijay,Vijay
jena,Jana,John,jain,Jain,Jani,Jena,JAIN
patil,patul,Patle,Patil,patel,PATEL,Patel
Ross,Reis,Ras
Shekhar,shekhar,Shikhar
mourya,maurya,Mourya,Maurya,Mariya
Punetha,Panth
Vaishya,vaishya
Sunder,SUNDAR,Sundar
Reshmaa,Risham
Tiwari,TIWARI,Tewari,tiwari
Chandel,Chandola,Chandela
sachan,SACHAN,Sachan,SACHIN
kumar yadav,Kumar Yadav,Kumar  yadav
Pandita,Pandit,pandit
Milki,Malik,malik,MALIK,MALUKA
GODARA,Godara
sarraff,Sarraf,SARAF,Saraf
Vashistha,Vashisath,Vashisth,vashisth
Kalia,kale,Kaul,Kohli,kolli,Kale,Kolli
Saboo,Sabu
bisht,Bisht
Gauttam,Gautam,gautam,GAUTAM
Mohanty,MOHANTY
saxena,Saxena,SAXENA,saxeena
Hirani,Harini
kumar pathak,Kumar Pathak
KUMAR VERMA,Kumar Verma
Maurya,maurya,Mourya,mourya,Mariya
PRIYA,priya,Priya
Sareen,Saran,saran,Surana
mukherjee,Mukherjee,MUKHERJEE
Siraj,Suraj,saroj
babu,Babu,BABU
Shah,Sha,Sh,shah
Dhuper,Dhupar
Nirali,Narula,Nirala,nirali,narula
bhasin,Bhasin
Mishra,mishra,MISHRA
Patni,Patani
Anand,Anant,anand,ANAND
saguru,Sagar,sagar,SAGAR
Sarkar,Sarikar
kumar pandey,kumar Pandey,KUMAR PANDEY,Kumar Pandey
Chakraborty,chakraborty,Chakrabarty,CHAKRABORTY
Gole,Goel,goel,Gulia,Gali,Goli
Tomar,tomar
Vyas,vyas
dhingra,Dhingra,DHINGRA,Dhangar
PARASHRI,Parasher,Parashar,parashar,PARASHAR,Parashari
Maths,MATHS
KAUR,KR,Kawre,kr,Kore,Kr,kori,Kar,Kaur,Kori,KEHRI,kaur
BABAL,Babel
Pahwa,pahwa
Dharia,Dhar,Dhir
Mall,Melo,MEHLA,Mulla,Mali,Mehla
Keshri,kishore,Kishore,kishor,Keshari,Kishor
Sheth,sheth
Sayyed,Sayyad
Saraf,Sarraf,SARAF,sarraff
mathur,Mathur
Jadhava,jadhav,Jadhav
keni,Kane,Keen
Kundu,Kanodia,kindo,kanodia,Kandoi
sunku,Sanke
BHUSHAN,Bhushan
Junior,junior
Kokane,kookana
Kanoujia,kanojia
manhor,manhar
Kumar Deb,kumar dubey,Kumar Dubey
MATHS,Maths
Durai,dawra,Dar,Deora
Gaur,gora,gour,gaur,GAUR,GOUR,GURU,Gour,Gore
Sv,Siva
vishnoi,VISHANOI,Vishnoi
Barnwal,Baranwal
Mahto,Mehto,Mohta,MEHTA,mehto,Matta,Mehta,mehta
sa,S,Sah,s,sah,Sai
Sahab,Suheb
N V,n v
Jawaid,Jawed
pratap singh,Pratap Singh,Pratap singh,pratap Singh
prajapati,PRAJAPATI,prajapat,Prajapati
kumar saha,Kumar Sahoo,Kumar Sahu
Naik,Nakka
PJ,Pj
SIKARWAR,Sikarwar,sikarwar
hasan,Hussain,HOSSAIN,Hossain,HUSSAIN,hussain,Hasan,Hassan
kulkarni,Kulakarni,Kulkarni
anjani,Anujan
Ujjwal,Ujjawal
dewangan,Dewangan
Jadhav,jadhav,Jadhava
Shri,shree,Shree
Rajaram,rajaram
Zishan,Zeeshan
VISHANOI,vishnoi,Vishnoi
Vashisth,Vashisath,Vashistha,vashisth
Bandi,Bonde
Tewary,Tiwary,TEWARY
Ataullah,ATUL,Atal
Dinesh,danish,Danish
reddy,REDDY,Reddy
Sarikar,Sarkar
Tora,Tawre,Tr,Toor,Tarei
Vashishtha,vashishtha
baniwal,beniwal,Beniwal
parashar,Parasher,prashar,Parashar,PARASHRI,PARASHAR,Parashari
Kumar Sen,kumar saini,Kumar Saini,Kumar Soni
Bhattacharjee,BHATTACHARJEE
Dutta,dattu,Datta,DATTA,Dutt,Datt
Jaiswal,JAISWAL,jaiswal
Kumar Saini,kumar saini,Kumar Sen,Kumar Soni
Viswan,Vaswani
varshney,VARSHNEY,Varshnay,Varshney
nagar,NAGAR,Nagar
Nakka,Naik
Prateek,Pratik
MARU,more,More,Moura,mehra,Mor,Mir,Mehra
Mandloi,Mondal,MANDAL,Mandal
malhotra,Malhotra
Mehndiratta,Mendiratta
Kushwaha,kushawaha,Kushawaha,kushwaha
PATIDAR,Patidar,patidar
RUHELA,Rehal,Rohilla,Rahul
khare,Khari,Khare,Khera
sinha,SINHA,Sinha
bajwa,Bajwa
Sahni,SAINI,sen,Soni,Sonu,Sen,SONI,soni,Saini,sahni,saini,sain
Melo,Mall,MEHLA,Mulla,Mali,Mehla
Bajaj,bajaj
middha,Middha,Midha,Madhu
Veer,Vohra,VR,vohra,Vora,veer
Shahidi,Shahade,Shahid
Bagade,Bagad
Bothara,BOTHRA,Bothra
sethi,Sethi,Seth
SADANA,Sadana
GOUR,gora,gour,gaur,GAUR,Gaur,GURU,Gour,Gore
Kesharwani,kesharwani
KHURANA,Khurana,khairrun
Kalani,Kalonia,Kahlon
BASU,bose,Bose,Basu,basa
patwal,Patwal
Sachdeva,Sachdev,sachdeva
Mohindroo,Mahindru
Sirohi,Siroha
MEHTA,Mehto,Mohta,Mahto,mehto,Matta,Mehta,mehta
Rode,Redu
Thakare,Thakur,thakur,Thakker,Thakkar,Thakore,THAKUR
Jandial,Jindal,jindal
Kapur,kapoor,Kapoor
verma,VERMA,Varma,varma,Verma
GURU,gora,gour,gaur,GAUR,Gaur,GOUR,Gour,Gore
nayak,Nayak,NAYAK
Chaudhary,Choudhury,choudhary,chaudhury,chaudhary,CHAUDHARY,Choudhary
dolia,Dall,Delu,Dalai,Deol
mohan,Mohan,Mohane,MOHAN
barse,Borse
UDDIN,Udani,Uddin
PARASHAR,Parasher,prashar,Parashar,PARASHRI,parashar,Parashari
Aggrawal,agrawal,Agrawal
Tej,Teja
Chincholi,chincholi,chanchal
Paliwal,palliwal
Bajpai,BAJPAI,bajpai
narang,Narang
Gour,gora,gour,gaur,GAUR,Gaur,GOUR,GURU,Gore
sodha,sudha,Sidhu
kundaragi,Kundaragi
Srivastav,srivastav,Srivastava,Srivasatava,SrivastaVa,SRIVASTAVA,srivastava
Charan,Chirania,charan
Kumar Agrawal,Kumar Agarwal,Kumar Aggarwal
Kishore,kishore,Keshri,kishor,Keshari,Kishor
Priya,priya,PRIYA
RAJPUT,Rajpoot,Rajput
MISHRA,mishra,Mishra
shah,Sha,Sh,Shah
kularia,Kalore,kolluru,kalra,Kalra
SHAW,Shaw
SAHA,saha,Sahu,sahu,SAHU,Saha,Sahoo
M,mh
MOHAPATRA,Mahapatra,mahapatra,Mohapatra
Prakash Sharma,prakash sharma
JAISWAL,Jaiswal,jaiswal
srivastav,Srivastav,Srivastava,Srivasatava,SrivastaVa,SRIVASTAVA,srivastava
Goswami,goswami,GOSWAMI
Bothra,BOTHRA,Bothara
khandelia,Khandelia
Bhandare,Bhandari,Bhinder
Suhania,Sahani
Bilal,Ballal
bhagat,Bhagat,BHAGAT
Mantra,Mantri
SAXENA,Saxena,saxena,saxeena
shaik,Shaik
chakrabarti,Chakrabarti
Sanghi,Singha
mehra,more,More,Moura,MARU,Mor,Mir,Mehra
Loganathan,loganathan
saraswat,Saraswat
Kumar Pandey,kumar Pandey,KUMAR PANDEY,kumar pandey
Satapathy,SATAPATHY
Singh Rajput,Singh rajput,singh rajput
DHINGRA,Dhingra,dhingra,Dhangar
koshal,kaushal,Kaushal
Kumar S,kumar s
narula,Narula,Nirala,nirali,Nirali
BEGUM,Begum
Zohra,zohra,zara
dhami,Dhama,dhamu
RAJ,Raju,Raj,raj,Raja
Raut,Rout,raut
Dalai,Dall,Delu,dolia,Deol
Birla,Boral
Dass,DIAS,Das,DAS,das
Pour,Peer,Puri,PURI,PR
Bishnoi,bishnoi
Kagde,Kagdi,Kogade
Dixit,dixit
AGARWAL,Agarwala,Aggarwal,Agrwal,Agarwal,aggarwal,agarwal
Mohapatra,Mahapatra,mahapatra,MOHAPATRA
Jalan,jalan
Tapare,Topre
Suthar,suthar
KIRAN,Karn,Karna,Karan
Chowdhary,chowdhury,Chowdhury,chowdhary
Bhati,Bhatt,bhatt,bhat,Bhat
Tewari,TIWARI,Tiwari,tiwari
MANDAL,Mondal,Mandloi,Mandal
Krishna,KRISHNA,Krshnaa,Krishana,Krishan,krishna
Ansar,ansar,Ansari
Khatri,KHATRI
RAM,Romeo,Ram,ram
Sharan,Sheoran,Shirin
BAGHEL,baghel,Baghel,BAGHELE
tanwar,Ttanwar,Tanwar
saran,Saran,Sareen,Surana
Akhtar,Akhter
Khader,KHODRE
d,De,Dua,D
Shaw,SHAW
Kane,keni,Keen
hussain qureshi,Hussain Qureshi
soni,SAINI,sen,Soni,Sonu,Sen,SONI,Sahni,Saini,sahni,saini,sain
Prince,prince
Deora,dawra,Dar,Durai
Pathan,Pathania
sekra,Sekar,Sekra
Midha,Middha,middha,Madhu
Ranjan,ranjan,RANJAN
Malik,Mullick,Mallik,Milki,malik,MALIK,Mallick,MALUKA
Kashyap,kashyap,KASHYAP
Kumar Ray,KUMAR ROY,Kumar Rai
vikash,Vikash
Jain,Jana,John,jain,jena,Jani,Jena,JAIN
Kori,KR,Kawre,kr,Kore,Kr,kori,Kar,Kaur,KAUR,KEHRI,kaur
Surana,Saran,Sareen,saran
Gandotra,gandotra
kishor,kishore,Keshri,Kishore,Keshari,Kishor
Prakash,prakash
Devi,Deva,Dev,Dave,devi,DEVI
Gehlot,GEHLOT
Mane,Mann,maan,meena,Mani,Maan,MANI,MEENA,Meena,Man
Jindal,Jandial,jindal
Mantri,Mantra
Krishan,KRISHNA,Krishana,Krishna,krishna
Baliyen,Balayan,Baliyan
Mor,more,More,Moura,MARU,mehra,Mir,Mehra
badar,Badru,BADAR
KAZMI,Kazim,Kazmi
Ansh,Anshu
anand,Anant,Anand,ANAND
Vijjayvargiya,VijayVargiya
Saraswat,saraswat
Ji,J,Jai,Jee
Godara,GODARA
chaudhary,Choudhury,choudhary,chaudhury,Chaudhary,CHAUDHARY,Choudhary
KUMAR GAUR,KUMAR KORI
Dumane,Damania
raj,Raju,Raj,RAJ,Raja
Sangole,Sengal,SINGLA,Singal,Singla
Academy,ACADEMY
Siddiqui,Siddique,siddiqua
kashyap,Kashyap,KASHYAP
Srivastava,Srivastav,srivastav,Srivasatava,SrivastaVa,SRIVASTAVA,srivastava
kadiyan,Kadyan
Ghoslia,Ghosal
Dasan,Dasani,Dusane
kushwaha,kushawaha,Kushawaha,Kushwaha
AHMAD,ahmed,Ahmed,Ahmad,ahmad
Barai,Baira,bora,Boora,Bohra,Bora,beri,Barui
KOSARI,Kausar,kasera
UPADHYAY,upadhyay,Upadhyay
Samuel,Samala
Chawla,Chaulia,Challa
Navin,Naveen
Chander,chandra,Chandra
SACHIN,SACHAN,Sachan,sachan
Teja,Tej
VERMA,verma,Varma,varma,Verma
goyat,Goyat
Lee,LA,L
Khera,Khari,Khare,khare
Beniwal,beniwal,baniwal
malik,Mullick,Mallik,Milki,Malik,MALIK,Mallick,MALUKA
Maitra,Mitra,mitra,MITRA
zohra,Zohra,zara
Ramesh,Remesh
Chopra,chopra
saroj,Suraj,Siraj
SINDHI,sandhu,Sandhu
Bal,bala,Bali,BEHL,Bahl,Bale,Bala,BALA,Behl
KUMAR MISHRA,kumar mishra,kumar Mishra,Kumar Mishra
Gaurav,Gourav,gaurav,GAURAV
Dewangan,dewangan
Nasr,NASIR
Kuppili,kapila,Kapila,Kapile,Kapil
Sultan,Sultana
KEHRI,Kawre,Kore,kori,Kar,Kaur,KAUR,Kori,kaur
Gopale,Gopal
Mohane,Mohan,mohan,MOHAN
sheth,Sheth
saxeena,Saxena,saxena,SAXENA
Keshari,kishore,Keshri,Kishore,kishor,Kishor
ANAND,Anant,Anand,anand
Guin,Gune
ghai,Ghei
pandey,PANDEY,Pandey,Panday
FATEMA,Fatima
MOHAN,Mohan,mohan,Mohane
Gaikwad,GAIKWAD
Sood,SOUDI,Siddu,Sd,Sud
Mir,more,More,Moura,MARU,mehra,Mor,Mehra
dongare,DANGAR
Jani,Jana,John,jain,jena,Jain,Jena,JAIN
GEHLOT,Gehlot
PACHAR,Pachauri,Pachar
Saha,saha,Sahu,sahu,SAHU,SAHA,Sahoo
Patwal,patwal
Ahuja,ahuja
Kausar,KOSARI,kasera
Kumar,kumari,kamar,Kumari,KUMAR,kumar
CHAUHAN,Chouhan,chouhan,Chauhan,chauhan
Madan,Moideen,madan,Madaan
SanSaniwal,Sansaniwal
Bala,bala,Bali,BEHL,Bahl,Bale,Bal,BALA,Behl
MEHLA,Mall,Melo,Mulla,Mali,Mehla
Ratra,Raturi
KATYAYAN,katyayan
goyal,Goyal,GOYAL
Siroha,Sirohi
Smita,Samota
Chayal,chayal
DEVI,Deva,Dev,Dave,devi,Devi
RAJWADE,Rajwade
Hazra,Hazaria
Singal,Sengal,SINGLA,Sangole,Singla
Tailor,Talera,tuluri
garrey,Gorey
Singh Rathore,SINGH RATHORE
kadam,Kadam
mehto,Mehto,Mohta,Mahto,MEHTA,Matta,Mehta,mehta
Kumar  yadav,Kumar Yadav,kumar yadav
Khatana,Khetan
Raina,rana,Rani,rani,RANI,Rana
prasad,Prasad,PRASAD
Ujjawal,Ujjwal
Gade,GUDDU
Dhaka,dhaka
bhatnagar,Bhatnagar
Raghav,Raghava
Menaria,Mannar
kudale,KODELA
pathak,Pathak,PATHAK
Rahul,Rehal,Rohilla,RUHELA
Hassan,Hussain,HOSSAIN,Hossain,HUSSAIN,hussain,Hasan,hasan
Oliveira,Oliver
Mulla,Mall,Melo,MEHLA,Mali,Mehla
Saini,SAINI,sen,Soni,Sonu,Sen,SONI,Sahni,soni,sahni,saini,sain
Dewan,Diwan
Batra,batra
BALA,bala,Bali,BEHL,Bahl,Bale,Bal,Bala,Behl
Jangir,jangir,JANGIR
vats,Vats,Vatsa
Rajwade,RAJWADE
Rathee,RATHEE,Ruth,rathi,Rathi,Rath
Jatain,Jitani
CHAUDHARY,Choudhury,choudhary,chaudhury,Chaudhary,chaudhary,Choudhary
Chandra,chandra,Chander
Silva,SILVA
manhar,manhor
Komal,Kamal,Komali
kumar bharti,KUMAR BHARTI
Bhowmick,Bhowmik
chouhan,Chouhan,CHAUHAN,Chauhan,chauhan
Singla,Sengal,SINGLA,Sangole,Singal
gautam,Gautam,Gauttam,GAUTAM
suthar,Suthar
TEWARY,Tiwary,Tewary
DAS,DIAS,Das,Dass,das
tomar,Tomar
MALIK,Mullick,Mallik,Milki,Malik,malik,Mallick,MALUKA
Parsha,Pourush
Pujan,Pujani
solanki,Solanke,Solanki
pawar,Pawar
lakhotia,Lakhotia
kumar karna,Kumar Karn
Ragu,Raag
Rohman,Rahman,rehman,raman,Rahmani,Rehman
Laheri,Lahiri
Mallick,Mullick,Mallik,Malik,malik,MALIK,MALUKA
Deol,Dall,Delu,dolia,Dalai
Kumar Soni,kumar saini,Kumar Sen,Kumar Saini
BATHULA,Bathla
Pourush,Parsha
Rai,RAO,rao,rai,RAI,R,Rao
Roshan,Roshni
Hande,Handoo
Pawar,pawar
Mahajan,mahajan
Khetan,Khatana
bishnoi,Bishnoi
Khokhar,khokhar
TYAGI,Tyagi,tyagi
Shukla,shukla,SHUKLA
Dhande,DHANDA
K k,K K
katyayan,KATYAYAN
Matta,Mehto,Mohta,Mahto,MEHTA,mehto,Mehta,mehta
bairwa,Bairwa
Chaubay,Choubey,Chaubey,choubey
Prabhu,prabha
Singh,singh,SINGH
ROY,RAY,Ray,Roy,roy
deepi,Deopa,dip
das,DIAS,Das,Dass,DAS
Kumar Jain,kumar jain
Dhangar,Dhingra,dhingra,DHINGRA
Sayyad,Sayyed
Srivasatava,Srivastav,srivastav,Srivastava,SrivastaVa,SRIVASTAVA,srivastava
Pujari,Pujara
Danish,danish,Dinesh
Mehta,Mehto,Mohta,Mahto,MEHTA,mehto,Matta,mehta
Damania,Dumane
Mahanta,Mohanta,mahanta
Kothari,KATHURIA,Kathuria
Singh rajput,Singh Rajput,singh rajput
lamba,lambu,Loomba,Lamba
Shandilya,SHANDILYA
Kushwah,KUSHWAH,kushwah
Jonwal,jonwal
giri,Giri,Gera,GIRI
Kwatra,Kawatra
Shaikh,sheikh,Sheikh
krishnan,Krishnan
Ghosal,Ghazal,Ghoslia
Chakravorty,Chakravarty
Sravan,Sravani,Saravana
awasthi,Awasthi
ramachandran,Ramachandran
Boudh,Baid,baid,Bedi,bedi
sorout,SARITA,Sorout
kaur,KR,Kawre,kr,Kore,Kr,kori,Kar,Kaur,KAUR,Kori,KEHRI
Varma,verma,VERMA,varma,Verma
Allam,Alam
Nagi,Negi,negi
Kalra,Kalore,kalra,kularia
RANI,rana,Rani,rani,Raina,Rana
gandhi,Gandhi
Mehdi,Modi,Mohd
chowdhary,chowdhury,Chowdhury,Chowdhary
Kathuria,KATHURIA,Kothari
junior,Junior
bagle,Bagla
Mali,Mall,Melo,MEHLA,Mulla,Mehla
Farid,faridi
Shoaib,Shibu
Arya,arya
Kaushik,kaushik
Hazaria,Hazra
Vishnoi,vishnoi,VISHANOI
Chourasia,CHOURASIA,Chaurasia
roy,RAY,Ray,Roy,ROY
Kataria,Katare
vidyarthi,Vidyarthi
dangi,Dangi,Dange
prajapat,PRAJAPATI,prajapati,Prajapati
meher,Mahore,Mahaur
Vikash,vikash
kumar jha,Kumar jha,Kumar Jha,Kumari Jha
Aureen,Aran,Arun
Rana,rana,Rani,rani,Raina,RANI
Chakra,Chekuri
bedi,Baid,baid,Bedi,Boudh
Qureshi,Quraishi
menon,Menon,MENON
Dogra,Dagur,Dagar
gandotra,Gandotra
pandit,Pandit,Pandita
Naidu,NDA
Panday,PANDEY,Pandey,pandey
tak,Tak
Lamba,lambu,Loomba,lamba
Kuhar,Kahar
Shibu,Shoaib
Kunwar,kanwar,Kanwar
Subbian,Suban
bajaj,Bajaj
Madhu,Middha,middha,Midha
varma,verma,VERMA,Varma,Verma
Ashu,Ashia,Ash
marumamula,Marumamula
sahni,SAINI,sen,Soni,Sonu,Sen,SONI,Sahni,soni,Saini,saini,sain
Verma,verma,VERMA,Varma,varma
rastogi,Rastogi
singhal,Singhal
Kolli,kale,Kaul,Kohli,kolli,Kale,Kalia
Zaidi,Zade,ZAIDI
Datt,dattu,Datta,DATTA,Dutt,Dutta
Rahmani,Rahman,rehman,raman,Rohman,Rehman
Rout,Raut,raut
Kadyan,kadiyan
SrivastaVa,Srivastav,srivastav,Srivastava,Srivasatava,SRIVASTAVA,srivastava
jolly,Jolly
Kuruva,Kaurav
Ponnada,PONNADA
Sidhu,sudha,sodha
Basit,Bist,Basta
raut,Raut,Rout
MALUKA,Mullick,Mallik,Milki,Malik,malik,MALIK,Mallick
Kumari Jha,Kumar jha,Kumar Jha,kumar jha
Sivakumar,sivakumar
KUKNA,kukna,kookna
NDA,Naidu
Prajapati,PRAJAPATI,prajapati,prajapat
Balodi,Balodia
kesharwani,Kesharwani
Mand,Manda
Bihari,Behera
saini,SAINI,sen,Soni,Sonu,Sen,SONI,Sahni,soni,Saini,sahni,sain
choubey,Choubey,Chaubey,Chaubay
Nagar,NAGAR,nagar
Kawatra,Kwatra
kapoor,Kapur,Kapoor
Venkat,VENKAT,venkat
ASHISH,Ashish
Vaishnav,Vaishnavi
Ballal,Bilal
Kulkarni,Kulakarni,kulkarni
GOSWAMI,goswami,Goswami
Podder,Poddar
tiwari,TIWARI,Tiwari,Tewari
KUMAR SHARMA,kumar sharma,Kumar Sharma,Kumar sharma
lal,LAL,LILA,lala,Lal,Lali
Mehra,more,More,Moura,MARU,mehra,Mor,Mir
SRIVASTAVA,Srivastav,srivastav,Srivastava,Srivasatava,SrivastaVa,srivastava
rawat,Rawat,RAWAT
Mohammad,Mohammed,Muhammed,Mohamed
KV,Kv,Kavia
Khola,Khawle
Rathi,RATHEE,Ruth,rathi,Rathee,Rath
nath,Nath,NATH
Behl,bala,Bali,BEHL,Bahl,Bale,Bal,Bala,BALA
K,k
Goli,Goel,goel,Gulia,Gali,Gole
SHUKLA,shukla,Shukla
Balayan,Baliyen,Baliyan
Samala,Samuel
pamnani,Pamnani
Vora,Vohra,VR,vohra,Veer,veer
Kumar Gupta,KUMAR GUPTA
Sankari,sankar,Sonkar,Sonker,sunkara
Challa,Chaulia,Chawla
Parihari,parihari,Parihar
kushwah,KUSHWAH,Kushwah
Mundhra,Mundra,Mandre
Shrivastav,shrivastava,Shrivastava
Parveen,PARVEEN,parveen
ANDREWS,Andrews
nigam,NIGAM,Nigam
DHANDA,Dhande
Shrivastava,shrivastava,Shrivastav
mehta,Mehto,Mohta,Mahto,MEHTA,mehto,Matta,Mehta
Rao,RAO,rao,rai,RAI,R,Rai
Kapoor,Kapur,kapoor
Momin,Memon
Parashari,Parasher,prashar,Parashar,PARASHRI,parashar,PARASHAR
Biswas,BISWAS
zara,Zohra,zohra
Chauhan,Chouhan,CHAUHAN,chouhan,chauhan
kanwar,Kunwar,Kanwar
Thakral,Thukral
rathaur,rathor,Rathaur,Rathore,rathour,Rathour,Rathor,RATHORE,rathore
Misri,Misra
Kumar Singh,kumar singh,KUMAR SINGH,Kumar singh
Saravana,Sravani,Sravan
Mohamed,Mohammed,Muhammed,Mohammad
chanchal,chincholi,Chincholi
Nandi,Nanda
Barman,Birhmaan
Dwivedi,DWIVEDI,dwivedi
Mitali,mittal,Mittal
Manda,Mand
RAO D,R D
tuluri,Talera,Tailor
chandan,Chandna,Chandana,Chandani
Lali,LAL,LILA,lala,Lal,lal
pahwa,Pahwa
Keen,keni,Kane
Vatsa,Vats,vats
kaswan,Kaswan
bhat,Bhatt,bhatt,Bhati,Bhat
Mitra,Maitra,mitra,MITRA
Singh Rana,SINGH RANA
Syed,syed
Atal,ATUL,Ataullah
Goyat,goyat
Bharat,bharti,Bharati,Bharti
Sai,S,Sah,s,sah,sa
Dusane,Dasani,Dasan
Uddin,Udani,UDDIN
Shankar,shankar,SHANKAR
Nag,Naga
jindal,Jandial,Jindal
Kumar Sahoo,kumar saha,Kumar Sahu
Chotia,Chutia
sain,SAINI,sen,Soni,Sonu,Sen,SONI,Sahni,soni,Saini,sahni,saini
kasyap,Kasyap
kookana,Kokane
KARKI,Karak
Mehla,Mall,Melo,MEHLA,Mulla,Mali
Dhiman,DHIMAN,dhiman
Memon,Momin
kukna,KUKNA,kookna
Andrews,ANDREWS
Dabi,Deb
Dhupar,Dhuper
Baindara,bandaru,bondre
mitra,Maitra,Mitra,MITRA
Bhat,Bhatt,bhatt,Bhati,bhat
Kumar sharma,kumar sharma,Kumar Sharma,KUMAR SHARMA
PUROHIT,Purohit
kaushik,Kaushik
Joneja,Juneja
THAKUR,Thakur,thakur,Thakker,Thakkar,Thakore,Thakare
MOHANTY,Mohanty
singh rajput,Singh Rajput,Singh rajput
Kogade,Kagdi,Kagde
jaiswal,Jaiswal,JAISWAL
sisodia,Sisodia
gangwar,Gangwar,GANGWAR
KUMAR SINGH,kumar singh,Kumar Singh,Kumar singh
Kaushal,kaushal,koshal
Raja,Raju,Raj,RAJ,raj
dwivedi,DWIVEDI,Dwivedi
Kaswan,kaswan
agarwal,Agarwala,Aggarwal,Agrwal,Agarwal,aggarwal,AGARWAL
kookna,KUKNA,kukna
Baliyan,Baliyen,Balayan
Singh G,Singh K
Jena,Jana,John,jain,jena,Jain,Jani,JAIN
Shree,shree,Shri
Agrawal,Agrwal,agrawal,Aggrawal
GAIKWAD,Gaikwad
Kapile,kapila,Kapila,Kuppili,Kapil
Choudhary,Choudhury,choudhary,chaudhury,Chaudhary,chaudhary,CHAUDHARY
Pal,pal,PAUL,Paul
Kumar singh,kumar singh,Kumar Singh,KUMAR SINGH
n v,N V
GAUTAM,Gautam,Gauttam,gautam
Bhaskar,Bhaskara
Man,Mann,maan,meena,Mani,Maan,MANI,MEENA,Meena,Mane
Chekuri,Chakra
BABU,Babu,babu
Saifi,saifi,Sofia
dan,DAN
Jogi,Jaggi
srivastava,Srivastav,srivastav,Srivastava,Srivasatava,SrivastaVa,SRIVASTAVA
VijayVargiya,Vijjayvargiya
Kumar Aggarwal,Kumar Agarwal,Kumar Agrawal
Manudhane,Mandhan
Anshu,Ansh
venkat,VENKAT,Venkat
KUMAR,kumari,kamar,Kumari,Kumar,kumar
D,De,Dua,d
Mandal,Mondal,Mandloi,MANDAL
prince,Prince
Jee,Joy,J,Jai,Ji
chauhan,Chouhan,CHAUHAN,chouhan,Chauhan
Pratap singh,Pratap Singh,pratap singh,pratap Singh
Kolekar,Kelkar,Kolkar,Kalikeri,KOLEKAR
Raghava,Raghav
dhillon,Dholani,Dhillon
nain,Nain
Komali,Kamal,Komal
NASIR,Nazir,Nasr
Deb,Dabi
Maragoni,murugan
Rath,RATHEE,Ruth,rathi,Rathee,Rathi
Bharti,bharti,Bharati,Bharat
Kumar Sahu,kumar saha,Kumar Sahoo
Rehman,Rahman,rehman,raman,Rohman,Rahmani
Mariya,maurya,Mourya,mourya,Maurya
Akhter,Akhtar
Md,Modi
tivari,Tivari
Sri,sir,Suri,Sree,Sir,Sur
Behera,Bihari
Binju,Benji
Chakrabarti,chakrabarti
kanodia,Kanodia,kindo,Kundu,Kandoi
Kanwar,Kunwar,kanwar
Chaudhry,Choudhry,chaudhry
Karwasara,Karwasra
Malhotra,malhotra
pratap Singh,Pratap Singh,pratap singh,Pratap singh
Venkatesh,Venkitesh
Paul,pal,PAUL,Pal
pradhan,Pradhan
Bhardwaj,BHARDWAJ,bhardwaj
vashisth,Vashisath,Vashistha,Vashisth
Gore,gora,gour,gaur,GAUR,Gaur,GOUR,GURU,Gour
Kishor,kishore,Keshri,Kishore,kishor,Keshari
ram,Romeo,Ram,RAM
pande,Pandoh,Pande,Panda
sivakumar,Sivakumar
p,PA,Pou,P
Pratap,pratap
Mandhan,Manudhane
ArorA,arora,Arora
Bhadauriya,bhadoriya,Bhadoriya,Bhadouriya
krishna,KRISHNA,Krshnaa,Krishana,Krishna,Krishan
Tak,tak
JAIN,Jana,John,jain,jena,Jain,Jani,Jena
KASHYAP,Kashyap,kashyap
Sahoo,saha,Sahu,sahu,SAHU,SAHA,Saha
swarnkar,Swarnkar
Bhatnagar,bhatnagar
SHANKAR,shankar,Shankar
kheni,Khanna,KHAN,Khan,khan
Upadhyay,upadhyay,UPADHYAY
kumar,kumari,kamar,Kumari,Kumar,KUMAR
prabha,Prabhu
Siva,Sv
Khawle,Khola
saluja,Saluja,Sailaja
Dhillon,Dholani,dhillon
Diwan,Dewan
Kandoi,Kanodia,kindo,Kundu,kanodia
Kumar patel,Kumar Patel
Kapil,kapila,Kapila,Kuppili,Kapile
kasera,KOSARI,Kausar
veer,Vohra,VR,vohra,Veer,Vora
Shakya,shakya
MITRA,Maitra,Mitra,mitra
GAURAV,Gourav,gaurav,Gaurav
Shaik,shaik
Shirin,Sheoran,Sharan
Manekar,Mankar
DAN,dan
Shankar Soni,shanker soni
